ISO-10303-21;
HEADER;
/* Generated by software containing ST-Developer
 * from STEP Tools, Inc. (www.steptools.com) 
 */

FILE_DESCRIPTION(
/* description */ (''),
/* implementation_level */ '2;1');

FILE_NAME(
/* name */ 'FullCase.step',
/* time_stamp */ '2026-08-11T20:03:19+03:00',
/* author */ (''),
/* organization */ (''),
/* preprocessor_version */ 'ST-DEVELOPER v20.1',
/* originating_system */ 'Autodesk Translation Framework v15.8.0.0',
/* authorisation */ '');

FILE_SCHEMA (('AUTOMOTIVE_DESIGN { 1 0 10303 214 3 1 1 }'));
ENDSEC;

DATA;
#10=MECHANICAL_DESIGN_GEOMETRIC_PRESENTATION_REPRESENTATION('',(#43,#44,
#45,#46),#5536);
#11=ITEM_DEFINED_TRANSFORMATION($,$,#3424,#3562);
#12=ITEM_DEFINED_TRANSFORMATION($,$,#3214,#3594);
#13=ITEM_DEFINED_TRANSFORMATION($,$,#3284,#3595);
#14=ITEM_DEFINED_TRANSFORMATION($,$,#3423,#3596);
#15=ITEM_DEFINED_TRANSFORMATION($,$,#3563,#3597);
#16=(
REPRESENTATION_RELATIONSHIP($,$,#5562,#5561)
REPRESENTATION_RELATIONSHIP_WITH_TRANSFORMATION(#11)
SHAPE_REPRESENTATION_RELATIONSHIP()
);
#17=(
REPRESENTATION_RELATIONSHIP($,$,#5559,#5558)
REPRESENTATION_RELATIONSHIP_WITH_TRANSFORMATION(#12)
SHAPE_REPRESENTATION_RELATIONSHIP()
);
#18=(
REPRESENTATION_RELATIONSHIP($,$,#5560,#5558)
REPRESENTATION_RELATIONSHIP_WITH_TRANSFORMATION(#13)
SHAPE_REPRESENTATION_RELATIONSHIP()
);
#19=(
REPRESENTATION_RELATIONSHIP($,$,#5561,#5558)
REPRESENTATION_RELATIONSHIP_WITH_TRANSFORMATION(#14)
SHAPE_REPRESENTATION_RELATIONSHIP()
);
#20=(
REPRESENTATION_RELATIONSHIP($,$,#5563,#5558)
REPRESENTATION_RELATIONSHIP_WITH_TRANSFORMATION(#15)
SHAPE_REPRESENTATION_RELATIONSHIP()
);
#21=CONTEXT_DEPENDENT_SHAPE_REPRESENTATION(#16,#5552);
#22=CONTEXT_DEPENDENT_SHAPE_REPRESENTATION(#17,#5554);
#23=CONTEXT_DEPENDENT_SHAPE_REPRESENTATION(#18,#5555);
#24=CONTEXT_DEPENDENT_SHAPE_REPRESENTATION(#19,#5556);
#25=CONTEXT_DEPENDENT_SHAPE_REPRESENTATION(#20,#5557);
#26=NEXT_ASSEMBLY_USAGE_OCCURRENCE('KiCad_PCB:1','KiCad_PCB:1',
'KiCad_PCB:1',#5568,#5569,'KiCad_PCB:1');
#27=NEXT_ASSEMBLY_USAGE_OCCURRENCE('Configuration 1:1',
'Configuration 1:1','Configuration 1:1',#5565,#5566,'Configuration 1:1');
#28=NEXT_ASSEMBLY_USAGE_OCCURRENCE('Configuration 1:1',
'Configuration 1:1','Configuration 1:1',#5565,#5567,'Configuration 1:1');
#29=NEXT_ASSEMBLY_USAGE_OCCURRENCE('KiCad:2','KiCad:2','KiCad:2',#5565,
#5568,'KiCad:2');
#30=NEXT_ASSEMBLY_USAGE_OCCURRENCE('Knob:1','Knob:1','Knob:1',#5565,#5570,
'Knob:1');
#31=B_SPLINE_CURVE_WITH_KNOTS('',3,(#4914,#4915,#4916,#4917,#4918,#4919),
 .UNSPECIFIED.,.F.,.F.,(4,2,4),(0.,0.117562819132908,0.194026045695578),
 .UNSPECIFIED.);
#32=B_SPLINE_CURVE_WITH_KNOTS('',3,(#4923,#4924,#4925,#4926,#4927,#4928),
 .UNSPECIFIED.,.F.,.F.,(4,2,4),(0.50553224003851,0.581995466601179,0.699558285734088),
 .UNSPECIFIED.);
#33=B_SPLINE_CURVE_WITH_KNOTS('',3,(#4932,#4933,#4934,#4935,#4936,#4937),
 .UNSPECIFIED.,.F.,.F.,(4,2,4),(0.,0.117562819132908,0.194026045695578),
 .UNSPECIFIED.);
#34=B_SPLINE_CURVE_WITH_KNOTS('',3,(#4940,#4941,#4942,#4943,#4944,#4945),
 .UNSPECIFIED.,.F.,.F.,(4,2,4),(0.50553224003851,0.581995466601179,0.699558285734088),
 .UNSPECIFIED.);
#35=SHAPE_REPRESENTATION_RELATIONSHIP('SRR','None',#5559,#39);
#36=SHAPE_REPRESENTATION_RELATIONSHIP('SRR','None',#5560,#40);
#37=SHAPE_REPRESENTATION_RELATIONSHIP('SRR','None',#5562,#41);
#38=SHAPE_REPRESENTATION_RELATIONSHIP('SRR','None',#5563,#42);
#39=ADVANCED_BREP_SHAPE_REPRESENTATION('',(#47),#5531);
#40=ADVANCED_BREP_SHAPE_REPRESENTATION('',(#48),#5532);
#41=ADVANCED_BREP_SHAPE_REPRESENTATION('',(#49),#5534);
#42=ADVANCED_BREP_SHAPE_REPRESENTATION('',(#50),#5535);
#43=STYLED_ITEM('',(#5592),#47);
#44=STYLED_ITEM('',(#5592),#48);
#45=STYLED_ITEM('',(#5593),#49);
#46=STYLED_ITEM('',(#5592),#50);
#47=MANIFOLD_SOLID_BREP('Body4',#3164);
#48=MANIFOLD_SOLID_BREP('Body4',#3165);
#49=MANIFOLD_SOLID_BREP('Body1',#3166);
#50=MANIFOLD_SOLID_BREP('Body1',#3167);
#51=FACE_BOUND('',#407,.T.);
#52=FACE_BOUND('',#408,.T.);
#53=FACE_BOUND('',#415,.T.);
#54=FACE_BOUND('',#416,.T.);
#55=FACE_BOUND('',#448,.T.);
#56=FACE_BOUND('',#494,.T.);
#57=FACE_BOUND('',#495,.T.);
#58=FACE_BOUND('',#496,.T.);
#59=FACE_BOUND('',#497,.T.);
#60=FACE_BOUND('',#498,.T.);
#61=FACE_BOUND('',#499,.T.);
#62=FACE_BOUND('',#500,.T.);
#63=FACE_BOUND('',#501,.T.);
#64=FACE_BOUND('',#502,.T.);
#65=FACE_BOUND('',#503,.T.);
#66=FACE_BOUND('',#504,.T.);
#67=FACE_BOUND('',#505,.T.);
#68=FACE_BOUND('',#506,.T.);
#69=FACE_BOUND('',#507,.T.);
#70=FACE_BOUND('',#508,.T.);
#71=FACE_BOUND('',#509,.T.);
#72=FACE_BOUND('',#510,.T.);
#73=FACE_BOUND('',#511,.T.);
#74=FACE_BOUND('',#512,.T.);
#75=FACE_BOUND('',#513,.T.);
#76=FACE_BOUND('',#514,.T.);
#77=FACE_BOUND('',#515,.T.);
#78=FACE_BOUND('',#516,.T.);
#79=FACE_BOUND('',#517,.T.);
#80=FACE_BOUND('',#518,.T.);
#81=FACE_BOUND('',#519,.T.);
#82=FACE_BOUND('',#520,.T.);
#83=FACE_BOUND('',#521,.T.);
#84=FACE_BOUND('',#522,.T.);
#85=FACE_BOUND('',#523,.T.);
#86=FACE_BOUND('',#524,.T.);
#87=FACE_BOUND('',#525,.T.);
#88=FACE_BOUND('',#526,.T.);
#89=FACE_BOUND('',#527,.T.);
#90=FACE_BOUND('',#528,.T.);
#91=FACE_BOUND('',#529,.T.);
#92=FACE_BOUND('',#530,.T.);
#93=FACE_BOUND('',#531,.T.);
#94=FACE_BOUND('',#533,.T.);
#95=FACE_BOUND('',#534,.T.);
#96=FACE_BOUND('',#535,.T.);
#97=FACE_BOUND('',#536,.T.);
#98=FACE_BOUND('',#537,.T.);
#99=FACE_BOUND('',#538,.T.);
#100=FACE_BOUND('',#539,.T.);
#101=FACE_BOUND('',#540,.T.);
#102=FACE_BOUND('',#541,.T.);
#103=FACE_BOUND('',#542,.T.);
#104=FACE_BOUND('',#543,.T.);
#105=FACE_BOUND('',#544,.T.);
#106=FACE_BOUND('',#545,.T.);
#107=FACE_BOUND('',#546,.T.);
#108=FACE_BOUND('',#547,.T.);
#109=FACE_BOUND('',#548,.T.);
#110=FACE_BOUND('',#549,.T.);
#111=FACE_BOUND('',#550,.T.);
#112=FACE_BOUND('',#551,.T.);
#113=FACE_BOUND('',#552,.T.);
#114=FACE_BOUND('',#553,.T.);
#115=FACE_BOUND('',#554,.T.);
#116=FACE_BOUND('',#555,.T.);
#117=FACE_BOUND('',#556,.T.);
#118=FACE_BOUND('',#557,.T.);
#119=FACE_BOUND('',#558,.T.);
#120=FACE_BOUND('',#559,.T.);
#121=FACE_BOUND('',#560,.T.);
#122=FACE_BOUND('',#561,.T.);
#123=FACE_BOUND('',#562,.T.);
#124=FACE_BOUND('',#563,.T.);
#125=FACE_BOUND('',#564,.T.);
#126=FACE_BOUND('',#565,.T.);
#127=FACE_BOUND('',#566,.T.);
#128=FACE_BOUND('',#567,.T.);
#129=FACE_BOUND('',#568,.T.);
#130=FACE_BOUND('',#569,.T.);
#131=FACE_BOUND('',#570,.T.);
#132=FACE_BOUND('',#626,.T.);
#133=FACE_BOUND('',#635,.T.);
#134=PLANE('',#3275);
#135=PLANE('',#3277);
#136=PLANE('',#3278);
#137=PLANE('',#3279);
#138=PLANE('',#3280);
#139=PLANE('',#3283);
#140=PLANE('',#3345);
#141=PLANE('',#3348);
#142=PLANE('',#3351);
#143=PLANE('',#3354);
#144=PLANE('',#3357);
#145=PLANE('',#3358);
#146=PLANE('',#3359);
#147=PLANE('',#3367);
#148=PLANE('',#3370);
#149=PLANE('',#3372);
#150=PLANE('',#3374);
#151=PLANE('',#3382);
#152=PLANE('',#3390);
#153=PLANE('',#3403);
#154=PLANE('',#3405);
#155=PLANE('',#3406);
#156=PLANE('',#3407);
#157=PLANE('',#3408);
#158=PLANE('',#3409);
#159=PLANE('',#3410);
#160=PLANE('',#3411);
#161=PLANE('',#3412);
#162=PLANE('',#3413);
#163=PLANE('',#3414);
#164=PLANE('',#3415);
#165=PLANE('',#3416);
#166=PLANE('',#3417);
#167=PLANE('',#3418);
#168=PLANE('',#3419);
#169=PLANE('',#3420);
#170=PLANE('',#3421);
#171=PLANE('',#3422);
#172=PLANE('',#3425);
#173=PLANE('',#3426);
#174=PLANE('',#3427);
#175=PLANE('',#3428);
#176=PLANE('',#3470);
#177=PLANE('',#3512);
#178=PLANE('',#3513);
#179=PLANE('',#3514);
#180=PLANE('',#3516);
#181=PLANE('',#3518);
#182=PLANE('',#3522);
#183=PLANE('',#3524);
#184=PLANE('',#3537);
#185=PLANE('',#3539);
#186=PLANE('',#3577);
#187=PLANE('',#3584);
#188=PLANE('',#3585);
#189=PLANE('',#3587);
#190=PLANE('',#3592);
#191=PLANE('',#3593);
#192=TOROIDAL_SURFACE('',#3218,4.,1.);
#193=TOROIDAL_SURFACE('',#3224,4.,1.);
#194=TOROIDAL_SURFACE('',#3230,4.,1.);
#195=TOROIDAL_SURFACE('',#3236,4.,1.);
#196=TOROIDAL_SURFACE('',#3242,4.,1.);
#197=TOROIDAL_SURFACE('',#3248,4.,1.);
#198=TOROIDAL_SURFACE('',#3254,4.,1.);
#199=TOROIDAL_SURFACE('',#3260,4.,1.);
#200=TOROIDAL_SURFACE('',#3266,4.,1.);
#201=TOROIDAL_SURFACE('',#3272,4.,1.);
#202=TOROIDAL_SURFACE('',#3285,4.,1.);
#203=TOROIDAL_SURFACE('',#3292,4.,1.);
#204=TOROIDAL_SURFACE('',#3298,4.,1.);
#205=TOROIDAL_SURFACE('',#3304,4.,1.);
#206=TOROIDAL_SURFACE('',#3310,4.,1.);
#207=TOROIDAL_SURFACE('',#3316,4.,1.);
#208=TOROIDAL_SURFACE('',#3322,4.,1.);
#209=TOROIDAL_SURFACE('',#3328,4.,1.);
#210=TOROIDAL_SURFACE('',#3334,4.,1.);
#211=TOROIDAL_SURFACE('',#3340,4.,1.);
#212=TOROIDAL_SURFACE('',#3379,2.,1.);
#213=TOROIDAL_SURFACE('',#3384,2.,1.);
#214=TOROIDAL_SURFACE('',#3395,2.,1.);
#215=TOROIDAL_SURFACE('',#3397,2.,1.);
#216=TOROIDAL_SURFACE('',#3564,10.,1.);
#217=TOROIDAL_SURFACE('',#3571,9.,1.);
#218=TOROIDAL_SURFACE('',#3581,9.,1.);
#219=FACE_OUTER_BOUND('',#386,.T.);
#220=FACE_OUTER_BOUND('',#387,.T.);
#221=FACE_OUTER_BOUND('',#388,.T.);
#222=FACE_OUTER_BOUND('',#389,.T.);
#223=FACE_OUTER_BOUND('',#390,.T.);
#224=FACE_OUTER_BOUND('',#391,.T.);
#225=FACE_OUTER_BOUND('',#392,.T.);
#226=FACE_OUTER_BOUND('',#393,.T.);
#227=FACE_OUTER_BOUND('',#394,.T.);
#228=FACE_OUTER_BOUND('',#395,.T.);
#229=FACE_OUTER_BOUND('',#396,.T.);
#230=FACE_OUTER_BOUND('',#397,.T.);
#231=FACE_OUTER_BOUND('',#398,.T.);
#232=FACE_OUTER_BOUND('',#399,.T.);
#233=FACE_OUTER_BOUND('',#400,.T.);
#234=FACE_OUTER_BOUND('',#401,.T.);
#235=FACE_OUTER_BOUND('',#402,.T.);
#236=FACE_OUTER_BOUND('',#403,.T.);
#237=FACE_OUTER_BOUND('',#404,.T.);
#238=FACE_OUTER_BOUND('',#405,.T.);
#239=FACE_OUTER_BOUND('',#406,.T.);
#240=FACE_OUTER_BOUND('',#409,.T.);
#241=FACE_OUTER_BOUND('',#410,.T.);
#242=FACE_OUTER_BOUND('',#411,.T.);
#243=FACE_OUTER_BOUND('',#412,.T.);
#244=FACE_OUTER_BOUND('',#413,.T.);
#245=FACE_OUTER_BOUND('',#414,.T.);
#246=FACE_OUTER_BOUND('',#417,.T.);
#247=FACE_OUTER_BOUND('',#418,.T.);
#248=FACE_OUTER_BOUND('',#419,.T.);
#249=FACE_OUTER_BOUND('',#420,.T.);
#250=FACE_OUTER_BOUND('',#421,.T.);
#251=FACE_OUTER_BOUND('',#422,.T.);
#252=FACE_OUTER_BOUND('',#423,.T.);
#253=FACE_OUTER_BOUND('',#424,.T.);
#254=FACE_OUTER_BOUND('',#425,.T.);
#255=FACE_OUTER_BOUND('',#426,.T.);
#256=FACE_OUTER_BOUND('',#427,.T.);
#257=FACE_OUTER_BOUND('',#428,.T.);
#258=FACE_OUTER_BOUND('',#429,.T.);
#259=FACE_OUTER_BOUND('',#430,.T.);
#260=FACE_OUTER_BOUND('',#431,.T.);
#261=FACE_OUTER_BOUND('',#432,.T.);
#262=FACE_OUTER_BOUND('',#433,.T.);
#263=FACE_OUTER_BOUND('',#434,.T.);
#264=FACE_OUTER_BOUND('',#435,.T.);
#265=FACE_OUTER_BOUND('',#436,.T.);
#266=FACE_OUTER_BOUND('',#437,.T.);
#267=FACE_OUTER_BOUND('',#438,.T.);
#268=FACE_OUTER_BOUND('',#439,.T.);
#269=FACE_OUTER_BOUND('',#440,.T.);
#270=FACE_OUTER_BOUND('',#441,.T.);
#271=FACE_OUTER_BOUND('',#442,.T.);
#272=FACE_OUTER_BOUND('',#443,.T.);
#273=FACE_OUTER_BOUND('',#444,.T.);
#274=FACE_OUTER_BOUND('',#445,.T.);
#275=FACE_OUTER_BOUND('',#446,.T.);
#276=FACE_OUTER_BOUND('',#447,.T.);
#277=FACE_OUTER_BOUND('',#449,.T.);
#278=FACE_OUTER_BOUND('',#450,.T.);
#279=FACE_OUTER_BOUND('',#451,.T.);
#280=FACE_OUTER_BOUND('',#452,.T.);
#281=FACE_OUTER_BOUND('',#453,.T.);
#282=FACE_OUTER_BOUND('',#454,.T.);
#283=FACE_OUTER_BOUND('',#455,.T.);
#284=FACE_OUTER_BOUND('',#456,.T.);
#285=FACE_OUTER_BOUND('',#457,.T.);
#286=FACE_OUTER_BOUND('',#458,.T.);
#287=FACE_OUTER_BOUND('',#459,.T.);
#288=FACE_OUTER_BOUND('',#460,.T.);
#289=FACE_OUTER_BOUND('',#461,.T.);
#290=FACE_OUTER_BOUND('',#462,.T.);
#291=FACE_OUTER_BOUND('',#463,.T.);
#292=FACE_OUTER_BOUND('',#464,.T.);
#293=FACE_OUTER_BOUND('',#465,.T.);
#294=FACE_OUTER_BOUND('',#466,.T.);
#295=FACE_OUTER_BOUND('',#467,.T.);
#296=FACE_OUTER_BOUND('',#468,.T.);
#297=FACE_OUTER_BOUND('',#469,.T.);
#298=FACE_OUTER_BOUND('',#470,.T.);
#299=FACE_OUTER_BOUND('',#471,.T.);
#300=FACE_OUTER_BOUND('',#472,.T.);
#301=FACE_OUTER_BOUND('',#473,.T.);
#302=FACE_OUTER_BOUND('',#474,.T.);
#303=FACE_OUTER_BOUND('',#475,.T.);
#304=FACE_OUTER_BOUND('',#476,.T.);
#305=FACE_OUTER_BOUND('',#477,.T.);
#306=FACE_OUTER_BOUND('',#478,.T.);
#307=FACE_OUTER_BOUND('',#479,.T.);
#308=FACE_OUTER_BOUND('',#480,.T.);
#309=FACE_OUTER_BOUND('',#481,.T.);
#310=FACE_OUTER_BOUND('',#482,.T.);
#311=FACE_OUTER_BOUND('',#483,.T.);
#312=FACE_OUTER_BOUND('',#484,.T.);
#313=FACE_OUTER_BOUND('',#485,.T.);
#314=FACE_OUTER_BOUND('',#486,.T.);
#315=FACE_OUTER_BOUND('',#487,.T.);
#316=FACE_OUTER_BOUND('',#488,.T.);
#317=FACE_OUTER_BOUND('',#489,.T.);
#318=FACE_OUTER_BOUND('',#490,.T.);
#319=FACE_OUTER_BOUND('',#491,.T.);
#320=FACE_OUTER_BOUND('',#492,.T.);
#321=FACE_OUTER_BOUND('',#493,.T.);
#322=FACE_OUTER_BOUND('',#532,.T.);
#323=FACE_OUTER_BOUND('',#571,.T.);
#324=FACE_OUTER_BOUND('',#572,.T.);
#325=FACE_OUTER_BOUND('',#573,.T.);
#326=FACE_OUTER_BOUND('',#574,.T.);
#327=FACE_OUTER_BOUND('',#575,.T.);
#328=FACE_OUTER_BOUND('',#576,.T.);
#329=FACE_OUTER_BOUND('',#577,.T.);
#330=FACE_OUTER_BOUND('',#578,.T.);
#331=FACE_OUTER_BOUND('',#579,.T.);
#332=FACE_OUTER_BOUND('',#580,.T.);
#333=FACE_OUTER_BOUND('',#581,.T.);
#334=FACE_OUTER_BOUND('',#582,.T.);
#335=FACE_OUTER_BOUND('',#583,.T.);
#336=FACE_OUTER_BOUND('',#584,.T.);
#337=FACE_OUTER_BOUND('',#585,.T.);
#338=FACE_OUTER_BOUND('',#586,.T.);
#339=FACE_OUTER_BOUND('',#587,.T.);
#340=FACE_OUTER_BOUND('',#588,.T.);
#341=FACE_OUTER_BOUND('',#589,.T.);
#342=FACE_OUTER_BOUND('',#590,.T.);
#343=FACE_OUTER_BOUND('',#591,.T.);
#344=FACE_OUTER_BOUND('',#592,.T.);
#345=FACE_OUTER_BOUND('',#593,.T.);
#346=FACE_OUTER_BOUND('',#594,.T.);
#347=FACE_OUTER_BOUND('',#595,.T.);
#348=FACE_OUTER_BOUND('',#596,.T.);
#349=FACE_OUTER_BOUND('',#597,.T.);
#350=FACE_OUTER_BOUND('',#598,.T.);
#351=FACE_OUTER_BOUND('',#599,.T.);
#352=FACE_OUTER_BOUND('',#600,.T.);
#353=FACE_OUTER_BOUND('',#601,.T.);
#354=FACE_OUTER_BOUND('',#602,.T.);
#355=FACE_OUTER_BOUND('',#603,.T.);
#356=FACE_OUTER_BOUND('',#604,.T.);
#357=FACE_OUTER_BOUND('',#605,.T.);
#358=FACE_OUTER_BOUND('',#606,.T.);
#359=FACE_OUTER_BOUND('',#607,.T.);
#360=FACE_OUTER_BOUND('',#608,.T.);
#361=FACE_OUTER_BOUND('',#609,.T.);
#362=FACE_OUTER_BOUND('',#610,.T.);
#363=FACE_OUTER_BOUND('',#611,.T.);
#364=FACE_OUTER_BOUND('',#612,.T.);
#365=FACE_OUTER_BOUND('',#613,.T.);
#366=FACE_OUTER_BOUND('',#614,.T.);
#367=FACE_OUTER_BOUND('',#615,.T.);
#368=FACE_OUTER_BOUND('',#616,.T.);
#369=FACE_OUTER_BOUND('',#617,.T.);
#370=FACE_OUTER_BOUND('',#618,.T.);
#371=FACE_OUTER_BOUND('',#619,.T.);
#372=FACE_OUTER_BOUND('',#620,.T.);
#373=FACE_OUTER_BOUND('',#621,.T.);
#374=FACE_OUTER_BOUND('',#622,.T.);
#375=FACE_OUTER_BOUND('',#623,.T.);
#376=FACE_OUTER_BOUND('',#624,.T.);
#377=FACE_OUTER_BOUND('',#625,.T.);
#378=FACE_OUTER_BOUND('',#627,.T.);
#379=FACE_OUTER_BOUND('',#628,.T.);
#380=FACE_OUTER_BOUND('',#629,.T.);
#381=FACE_OUTER_BOUND('',#630,.T.);
#382=FACE_OUTER_BOUND('',#631,.T.);
#383=FACE_OUTER_BOUND('',#632,.T.);
#384=FACE_OUTER_BOUND('',#633,.T.);
#385=FACE_OUTER_BOUND('',#634,.T.);
#386=EDGE_LOOP('',(#2031,#2032,#2033,#2034));
#387=EDGE_LOOP('',(#2035,#2036,#2037,#2038));
#388=EDGE_LOOP('',(#2039,#2040,#2041,#2042));
#389=EDGE_LOOP('',(#2043,#2044,#2045,#2046));
#390=EDGE_LOOP('',(#2047,#2048,#2049,#2050));
#391=EDGE_LOOP('',(#2051,#2052,#2053,#2054));
#392=EDGE_LOOP('',(#2055,#2056,#2057,#2058));
#393=EDGE_LOOP('',(#2059,#2060,#2061,#2062));
#394=EDGE_LOOP('',(#2063,#2064,#2065,#2066));
#395=EDGE_LOOP('',(#2067,#2068,#2069,#2070));
#396=EDGE_LOOP('',(#2071,#2072,#2073,#2074));
#397=EDGE_LOOP('',(#2075,#2076,#2077,#2078));
#398=EDGE_LOOP('',(#2079,#2080,#2081,#2082));
#399=EDGE_LOOP('',(#2083,#2084,#2085,#2086));
#400=EDGE_LOOP('',(#2087,#2088,#2089,#2090));
#401=EDGE_LOOP('',(#2091,#2092,#2093,#2094));
#402=EDGE_LOOP('',(#2095,#2096,#2097,#2098));
#403=EDGE_LOOP('',(#2099,#2100,#2101,#2102));
#404=EDGE_LOOP('',(#2103,#2104,#2105,#2106));
#405=EDGE_LOOP('',(#2107,#2108,#2109,#2110));
#406=EDGE_LOOP('',(#2111,#2112,#2113,#2114,#2115,#2116,#2117,#2118,#2119,
#2120,#2121,#2122,#2123,#2124,#2125,#2126,#2127,#2128,#2129,#2130));
#407=EDGE_LOOP('',(#2131));
#408=EDGE_LOOP('',(#2132,#2133,#2134,#2135));
#409=EDGE_LOOP('',(#2136,#2137,#2138,#2139));
#410=EDGE_LOOP('',(#2140,#2141,#2142,#2143));
#411=EDGE_LOOP('',(#2144,#2145,#2146,#2147));
#412=EDGE_LOOP('',(#2148,#2149,#2150,#2151));
#413=EDGE_LOOP('',(#2152,#2153,#2154,#2155));
#414=EDGE_LOOP('',(#2156,#2157,#2158,#2159,#2160,#2161,#2162,#2163,#2164,
#2165,#2166,#2167,#2168,#2169,#2170,#2171,#2172,#2173,#2174,#2175));
#415=EDGE_LOOP('',(#2176,#2177,#2178,#2179));
#416=EDGE_LOOP('',(#2180));
#417=EDGE_LOOP('',(#2181,#2182,#2183,#2184));
#418=EDGE_LOOP('',(#2185,#2186,#2187,#2188,#2189,#2190));
#419=EDGE_LOOP('',(#2191,#2192,#2193,#2194));
#420=EDGE_LOOP('',(#2195,#2196,#2197,#2198));
#421=EDGE_LOOP('',(#2199,#2200,#2201,#2202));
#422=EDGE_LOOP('',(#2203,#2204,#2205,#2206));
#423=EDGE_LOOP('',(#2207,#2208,#2209,#2210));
#424=EDGE_LOOP('',(#2211,#2212,#2213,#2214));
#425=EDGE_LOOP('',(#2215,#2216,#2217,#2218));
#426=EDGE_LOOP('',(#2219,#2220,#2221,#2222));
#427=EDGE_LOOP('',(#2223,#2224,#2225,#2226));
#428=EDGE_LOOP('',(#2227,#2228,#2229,#2230));
#429=EDGE_LOOP('',(#2231,#2232,#2233,#2234));
#430=EDGE_LOOP('',(#2235,#2236,#2237,#2238));
#431=EDGE_LOOP('',(#2239,#2240,#2241,#2242));
#432=EDGE_LOOP('',(#2243,#2244,#2245,#2246));
#433=EDGE_LOOP('',(#2247,#2248,#2249,#2250));
#434=EDGE_LOOP('',(#2251,#2252,#2253,#2254));
#435=EDGE_LOOP('',(#2255,#2256,#2257,#2258));
#436=EDGE_LOOP('',(#2259,#2260,#2261,#2262));
#437=EDGE_LOOP('',(#2263,#2264,#2265,#2266));
#438=EDGE_LOOP('',(#2267,#2268,#2269,#2270));
#439=EDGE_LOOP('',(#2271,#2272,#2273,#2274));
#440=EDGE_LOOP('',(#2275,#2276,#2277,#2278));
#441=EDGE_LOOP('',(#2279,#2280,#2281,#2282));
#442=EDGE_LOOP('',(#2283,#2284,#2285,#2286));
#443=EDGE_LOOP('',(#2287,#2288,#2289,#2290));
#444=EDGE_LOOP('',(#2291,#2292,#2293,#2294));
#445=EDGE_LOOP('',(#2295,#2296,#2297,#2298,#2299,#2300,#2301,#2302,#2303,
#2304,#2305,#2306));
#446=EDGE_LOOP('',(#2307,#2308,#2309,#2310,#2311,#2312,#2313,#2314,#2315,
#2316,#2317,#2318,#2319,#2320,#2321,#2322,#2323,#2324,#2325,#2326));
#447=EDGE_LOOP('',(#2327,#2328,#2329,#2330,#2331,#2332,#2333,#2334,#2335,
#2336,#2337,#2338,#2339,#2340,#2341,#2342,#2343,#2344,#2345,#2346));
#448=EDGE_LOOP('',(#2347,#2348,#2349,#2350,#2351,#2352));
#449=EDGE_LOOP('',(#2353,#2354,#2355,#2356));
#450=EDGE_LOOP('',(#2357,#2358,#2359,#2360));
#451=EDGE_LOOP('',(#2361,#2362,#2363,#2364));
#452=EDGE_LOOP('',(#2365,#2366,#2367,#2368));
#453=EDGE_LOOP('',(#2369,#2370,#2371,#2372));
#454=EDGE_LOOP('',(#2373,#2374,#2375,#2376));
#455=EDGE_LOOP('',(#2377,#2378,#2379,#2380));
#456=EDGE_LOOP('',(#2381,#2382,#2383,#2384));
#457=EDGE_LOOP('',(#2385,#2386,#2387,#2388));
#458=EDGE_LOOP('',(#2389,#2390,#2391,#2392));
#459=EDGE_LOOP('',(#2393,#2394,#2395,#2396));
#460=EDGE_LOOP('',(#2397,#2398,#2399,#2400));
#461=EDGE_LOOP('',(#2401,#2402,#2403,#2404,#2405,#2406,#2407,#2408,#2409,
#2410,#2411,#2412));
#462=EDGE_LOOP('',(#2413,#2414,#2415,#2416));
#463=EDGE_LOOP('',(#2417,#2418,#2419,#2420));
#464=EDGE_LOOP('',(#2421,#2422,#2423,#2424,#2425,#2426));
#465=EDGE_LOOP('',(#2427,#2428,#2429,#2430));
#466=EDGE_LOOP('',(#2431,#2432,#2433,#2434));
#467=EDGE_LOOP('',(#2435,#2436,#2437,#2438));
#468=EDGE_LOOP('',(#2439,#2440,#2441,#2442));
#469=EDGE_LOOP('',(#2443,#2444,#2445,#2446));
#470=EDGE_LOOP('',(#2447,#2448,#2449,#2450));
#471=EDGE_LOOP('',(#2451,#2452,#2453,#2454));
#472=EDGE_LOOP('',(#2455,#2456,#2457,#2458));
#473=EDGE_LOOP('',(#2459,#2460,#2461,#2462));
#474=EDGE_LOOP('',(#2463,#2464,#2465,#2466));
#475=EDGE_LOOP('',(#2467,#2468,#2469,#2470));
#476=EDGE_LOOP('',(#2471,#2472,#2473,#2474));
#477=EDGE_LOOP('',(#2475,#2476,#2477,#2478));
#478=EDGE_LOOP('',(#2479,#2480,#2481,#2482));
#479=EDGE_LOOP('',(#2483,#2484,#2485,#2486));
#480=EDGE_LOOP('',(#2487,#2488,#2489,#2490));
#481=EDGE_LOOP('',(#2491,#2492,#2493,#2494));
#482=EDGE_LOOP('',(#2495,#2496,#2497,#2498));
#483=EDGE_LOOP('',(#2499,#2500,#2501,#2502,#2503,#2504,#2505,#2506));
#484=EDGE_LOOP('',(#2507,#2508,#2509,#2510,#2511,#2512,#2513,#2514,#2515,
#2516,#2517,#2518,#2519,#2520,#2521,#2522));
#485=EDGE_LOOP('',(#2523,#2524,#2525,#2526));
#486=EDGE_LOOP('',(#2527,#2528,#2529,#2530,#2531,#2532));
#487=EDGE_LOOP('',(#2533,#2534,#2535,#2536));
#488=EDGE_LOOP('',(#2537,#2538,#2539,#2540,#2541,#2542));
#489=EDGE_LOOP('',(#2543,#2544,#2545,#2546));
#490=EDGE_LOOP('',(#2547,#2548,#2549,#2550));
#491=EDGE_LOOP('',(#2551,#2552,#2553,#2554));
#492=EDGE_LOOP('',(#2555,#2556,#2557,#2558));
#493=EDGE_LOOP('',(#2559,#2560,#2561,#2562,#2563,#2564));
#494=EDGE_LOOP('',(#2565,#2566,#2567,#2568));
#495=EDGE_LOOP('',(#2569));
#496=EDGE_LOOP('',(#2570));
#497=EDGE_LOOP('',(#2571,#2572,#2573,#2574));
#498=EDGE_LOOP('',(#2575));
#499=EDGE_LOOP('',(#2576));
#500=EDGE_LOOP('',(#2577));
#501=EDGE_LOOP('',(#2578));
#502=EDGE_LOOP('',(#2579));
#503=EDGE_LOOP('',(#2580));
#504=EDGE_LOOP('',(#2581));
#505=EDGE_LOOP('',(#2582));
#506=EDGE_LOOP('',(#2583));
#507=EDGE_LOOP('',(#2584));
#508=EDGE_LOOP('',(#2585));
#509=EDGE_LOOP('',(#2586,#2587,#2588,#2589));
#510=EDGE_LOOP('',(#2590));
#511=EDGE_LOOP('',(#2591));
#512=EDGE_LOOP('',(#2592));
#513=EDGE_LOOP('',(#2593));
#514=EDGE_LOOP('',(#2594));
#515=EDGE_LOOP('',(#2595));
#516=EDGE_LOOP('',(#2596));
#517=EDGE_LOOP('',(#2597));
#518=EDGE_LOOP('',(#2598));
#519=EDGE_LOOP('',(#2599));
#520=EDGE_LOOP('',(#2600));
#521=EDGE_LOOP('',(#2601));
#522=EDGE_LOOP('',(#2602));
#523=EDGE_LOOP('',(#2603));
#524=EDGE_LOOP('',(#2604));
#525=EDGE_LOOP('',(#2605));
#526=EDGE_LOOP('',(#2606));
#527=EDGE_LOOP('',(#2607));
#528=EDGE_LOOP('',(#2608));
#529=EDGE_LOOP('',(#2609));
#530=EDGE_LOOP('',(#2610));
#531=EDGE_LOOP('',(#2611));
#532=EDGE_LOOP('',(#2612,#2613,#2614,#2615,#2616,#2617));
#533=EDGE_LOOP('',(#2618,#2619,#2620,#2621));
#534=EDGE_LOOP('',(#2622));
#535=EDGE_LOOP('',(#2623));
#536=EDGE_LOOP('',(#2624,#2625,#2626,#2627));
#537=EDGE_LOOP('',(#2628));
#538=EDGE_LOOP('',(#2629));
#539=EDGE_LOOP('',(#2630));
#540=EDGE_LOOP('',(#2631));
#541=EDGE_LOOP('',(#2632));
#542=EDGE_LOOP('',(#2633));
#543=EDGE_LOOP('',(#2634));
#544=EDGE_LOOP('',(#2635));
#545=EDGE_LOOP('',(#2636));
#546=EDGE_LOOP('',(#2637));
#547=EDGE_LOOP('',(#2638));
#548=EDGE_LOOP('',(#2639,#2640,#2641,#2642));
#549=EDGE_LOOP('',(#2643));
#550=EDGE_LOOP('',(#2644));
#551=EDGE_LOOP('',(#2645));
#552=EDGE_LOOP('',(#2646));
#553=EDGE_LOOP('',(#2647));
#554=EDGE_LOOP('',(#2648));
#555=EDGE_LOOP('',(#2649));
#556=EDGE_LOOP('',(#2650));
#557=EDGE_LOOP('',(#2651));
#558=EDGE_LOOP('',(#2652));
#559=EDGE_LOOP('',(#2653));
#560=EDGE_LOOP('',(#2654));
#561=EDGE_LOOP('',(#2655));
#562=EDGE_LOOP('',(#2656));
#563=EDGE_LOOP('',(#2657));
#564=EDGE_LOOP('',(#2658));
#565=EDGE_LOOP('',(#2659));
#566=EDGE_LOOP('',(#2660));
#567=EDGE_LOOP('',(#2661));
#568=EDGE_LOOP('',(#2662));
#569=EDGE_LOOP('',(#2663));
#570=EDGE_LOOP('',(#2664));
#571=EDGE_LOOP('',(#2665,#2666,#2667,#2668));
#572=EDGE_LOOP('',(#2669,#2670,#2671,#2672));
#573=EDGE_LOOP('',(#2673,#2674,#2675,#2676));
#574=EDGE_LOOP('',(#2677,#2678,#2679,#2680));
#575=EDGE_LOOP('',(#2681,#2682,#2683,#2684));
#576=EDGE_LOOP('',(#2685,#2686,#2687,#2688));
#577=EDGE_LOOP('',(#2689,#2690,#2691,#2692));
#578=EDGE_LOOP('',(#2693,#2694,#2695,#2696));
#579=EDGE_LOOP('',(#2697,#2698,#2699,#2700));
#580=EDGE_LOOP('',(#2701,#2702,#2703,#2704));
#581=EDGE_LOOP('',(#2705,#2706,#2707,#2708));
#582=EDGE_LOOP('',(#2709,#2710,#2711,#2712));
#583=EDGE_LOOP('',(#2713,#2714,#2715,#2716));
#584=EDGE_LOOP('',(#2717,#2718,#2719,#2720));
#585=EDGE_LOOP('',(#2721,#2722,#2723,#2724));
#586=EDGE_LOOP('',(#2725,#2726,#2727,#2728));
#587=EDGE_LOOP('',(#2729,#2730,#2731,#2732));
#588=EDGE_LOOP('',(#2733,#2734,#2735,#2736));
#589=EDGE_LOOP('',(#2737,#2738,#2739,#2740));
#590=EDGE_LOOP('',(#2741,#2742,#2743,#2744));
#591=EDGE_LOOP('',(#2745,#2746,#2747,#2748));
#592=EDGE_LOOP('',(#2749,#2750,#2751,#2752));
#593=EDGE_LOOP('',(#2753,#2754,#2755,#2756));
#594=EDGE_LOOP('',(#2757,#2758,#2759,#2760));
#595=EDGE_LOOP('',(#2761,#2762,#2763,#2764));
#596=EDGE_LOOP('',(#2765,#2766,#2767,#2768));
#597=EDGE_LOOP('',(#2769,#2770,#2771,#2772));
#598=EDGE_LOOP('',(#2773,#2774,#2775,#2776));
#599=EDGE_LOOP('',(#2777,#2778,#2779,#2780));
#600=EDGE_LOOP('',(#2781,#2782,#2783,#2784));
#601=EDGE_LOOP('',(#2785,#2786,#2787,#2788));
#602=EDGE_LOOP('',(#2789,#2790,#2791,#2792));
#603=EDGE_LOOP('',(#2793,#2794,#2795,#2796));
#604=EDGE_LOOP('',(#2797,#2798,#2799,#2800));
#605=EDGE_LOOP('',(#2801,#2802,#2803,#2804));
#606=EDGE_LOOP('',(#2805,#2806,#2807,#2808));
#607=EDGE_LOOP('',(#2809,#2810,#2811,#2812));
#608=EDGE_LOOP('',(#2813,#2814,#2815,#2816));
#609=EDGE_LOOP('',(#2817,#2818,#2819,#2820));
#610=EDGE_LOOP('',(#2821,#2822,#2823,#2824));
#611=EDGE_LOOP('',(#2825,#2826,#2827,#2828));
#612=EDGE_LOOP('',(#2829,#2830,#2831,#2832));
#613=EDGE_LOOP('',(#2833,#2834,#2835,#2836));
#614=EDGE_LOOP('',(#2837,#2838,#2839,#2840));
#615=EDGE_LOOP('',(#2841,#2842,#2843,#2844));
#616=EDGE_LOOP('',(#2845,#2846,#2847,#2848));
#617=EDGE_LOOP('',(#2849,#2850,#2851,#2852));
#618=EDGE_LOOP('',(#2853,#2854,#2855,#2856));
#619=EDGE_LOOP('',(#2857,#2858,#2859,#2860));
#620=EDGE_LOOP('',(#2861,#2862,#2863,#2864));
#621=EDGE_LOOP('',(#2865,#2866,#2867,#2868,#2869));
#622=EDGE_LOOP('',(#2870,#2871,#2872,#2873));
#623=EDGE_LOOP('',(#2874,#2875,#2876,#2877,#2878,#2879));
#624=EDGE_LOOP('',(#2880,#2881,#2882,#2883,#2884));
#625=EDGE_LOOP('',(#2885));
#626=EDGE_LOOP('',(#2886));
#627=EDGE_LOOP('',(#2887,#2888,#2889,#2890));
#628=EDGE_LOOP('',(#2891,#2892,#2893,#2894));
#629=EDGE_LOOP('',(#2895));
#630=EDGE_LOOP('',(#2896,#2897));
#631=EDGE_LOOP('',(#2898,#2899,#2900,#2901));
#632=EDGE_LOOP('',(#2902,#2903,#2904,#2905,#2906,#2907,#2908,#2909));
#633=EDGE_LOOP('',(#2910,#2911,#2912));
#634=EDGE_LOOP('',(#2913));
#635=EDGE_LOOP('',(#2914));
#636=LINE('',#4606,#867);
#637=LINE('',#4609,#868);
#638=LINE('',#4620,#869);
#639=LINE('',#4621,#870);
#640=LINE('',#4632,#871);
#641=LINE('',#4633,#872);
#642=LINE('',#4642,#873);
#643=LINE('',#4645,#874);
#644=LINE('',#4656,#875);
#645=LINE('',#4657,#876);
#646=LINE('',#4666,#877);
#647=LINE('',#4669,#878);
#648=LINE('',#4680,#879);
#649=LINE('',#4681,#880);
#650=LINE('',#4690,#881);
#651=LINE('',#4693,#882);
#652=LINE('',#4704,#883);
#653=LINE('',#4705,#884);
#654=LINE('',#4714,#885);
#655=LINE('',#4717,#886);
#656=LINE('',#4726,#887);
#657=LINE('',#4728,#888);
#658=LINE('',#4730,#889);
#659=LINE('',#4731,#890);
#660=LINE('',#4734,#891);
#661=LINE('',#4736,#892);
#662=LINE('',#4737,#893);
#663=LINE('',#4740,#894);
#664=LINE('',#4741,#895);
#665=LINE('',#4744,#896);
#666=LINE('',#4745,#897);
#667=LINE('',#4747,#898);
#668=LINE('',#4750,#899);
#669=LINE('',#4768,#900);
#670=LINE('',#4770,#901);
#671=LINE('',#4771,#902);
#672=LINE('',#4772,#903);
#673=LINE('',#4783,#904);
#674=LINE('',#4784,#905);
#675=LINE('',#4795,#906);
#676=LINE('',#4796,#907);
#677=LINE('',#4807,#908);
#678=LINE('',#4808,#909);
#679=LINE('',#4819,#910);
#680=LINE('',#4820,#911);
#681=LINE('',#4831,#912);
#682=LINE('',#4832,#913);
#683=LINE('',#4843,#914);
#684=LINE('',#4844,#915);
#685=LINE('',#4855,#916);
#686=LINE('',#4856,#917);
#687=LINE('',#4867,#918);
#688=LINE('',#4868,#919);
#689=LINE('',#4876,#920);
#690=LINE('',#4877,#921);
#691=LINE('',#4880,#922);
#692=LINE('',#4882,#923);
#693=LINE('',#4883,#924);
#694=LINE('',#4886,#925);
#695=LINE('',#4890,#926);
#696=LINE('',#4891,#927);
#697=LINE('',#4894,#928);
#698=LINE('',#4898,#929);
#699=LINE('',#4899,#930);
#700=LINE('',#4902,#931);
#701=LINE('',#4906,#932);
#702=LINE('',#4907,#933);
#703=LINE('',#4910,#934);
#704=LINE('',#4921,#935);
#705=LINE('',#4930,#936);
#706=LINE('',#4939,#937);
#707=LINE('',#4947,#938);
#708=LINE('',#4948,#939);
#709=LINE('',#4954,#940);
#710=LINE('',#4958,#941);
#711=LINE('',#4962,#942);
#712=LINE('',#4966,#943);
#713=LINE('',#4970,#944);
#714=LINE('',#4974,#945);
#715=LINE('',#4976,#946);
#716=LINE('',#4978,#947);
#717=LINE('',#4980,#948);
#718=LINE('',#4982,#949);
#719=LINE('',#4983,#950);
#720=LINE('',#4985,#951);
#721=LINE('',#4986,#952);
#722=LINE('',#4988,#953);
#723=LINE('',#4991,#954);
#724=LINE('',#4992,#955);
#725=LINE('',#4994,#956);
#726=LINE('',#4996,#957);
#727=LINE('',#4998,#958);
#728=LINE('',#5000,#959);
#729=LINE('',#5002,#960);
#730=LINE('',#5009,#961);
#731=LINE('',#5012,#962);
#732=LINE('',#5018,#963);
#733=LINE('',#5020,#964);
#734=LINE('',#5022,#965);
#735=LINE('',#5024,#966);
#736=LINE('',#5026,#967);
#737=LINE('',#5028,#968);
#738=LINE('',#5030,#969);
#739=LINE('',#5032,#970);
#740=LINE('',#5044,#971);
#741=LINE('',#5045,#972);
#742=LINE('',#5050,#973);
#743=LINE('',#5051,#974);
#744=LINE('',#5056,#975);
#745=LINE('',#5067,#976);
#746=LINE('',#5069,#977);
#747=LINE('',#5071,#978);
#748=LINE('',#5073,#979);
#749=LINE('',#5075,#980);
#750=LINE('',#5079,#981);
#751=LINE('',#5081,#982);
#752=LINE('',#5083,#983);
#753=LINE('',#5084,#984);
#754=LINE('',#5087,#985);
#755=LINE('',#5089,#986);
#756=LINE('',#5090,#987);
#757=LINE('',#5093,#988);
#758=LINE('',#5095,#989);
#759=LINE('',#5096,#990);
#760=LINE('',#5098,#991);
#761=LINE('',#5099,#992);
#762=LINE('',#5102,#993);
#763=LINE('',#5103,#994);
#764=LINE('',#5107,#995);
#765=LINE('',#5109,#996);
#766=LINE('',#5111,#997);
#767=LINE('',#5112,#998);
#768=LINE('',#5115,#999);
#769=LINE('',#5117,#1000);
#770=LINE('',#5118,#1001);
#771=LINE('',#5121,#1002);
#772=LINE('',#5123,#1003);
#773=LINE('',#5124,#1004);
#774=LINE('',#5126,#1005);
#775=LINE('',#5128,#1006);
#776=LINE('',#5129,#1007);
#777=LINE('',#5130,#1008);
#778=LINE('',#5132,#1009);
#779=LINE('',#5134,#1010);
#780=LINE('',#5136,#1011);
#781=LINE('',#5138,#1012);
#782=LINE('',#5146,#1013);
#783=LINE('',#5148,#1014);
#784=LINE('',#5150,#1015);
#785=LINE('',#5151,#1016);
#786=LINE('',#5155,#1017);
#787=LINE('',#5156,#1018);
#788=LINE('',#5157,#1019);
#789=LINE('',#5160,#1020);
#790=LINE('',#5162,#1021);
#791=LINE('',#5163,#1022);
#792=LINE('',#5166,#1023);
#793=LINE('',#5168,#1024);
#794=LINE('',#5169,#1025);
#795=LINE('',#5174,#1026);
#796=LINE('',#5177,#1027);
#797=LINE('',#5186,#1028);
#798=LINE('',#5189,#1029);
#799=LINE('',#5216,#1030);
#800=LINE('',#5219,#1031);
#801=LINE('',#5266,#1032);
#802=LINE('',#5268,#1033);
#803=LINE('',#5269,#1034);
#804=LINE('',#5274,#1035);
#805=LINE('',#5277,#1036);
#806=LINE('',#5286,#1037);
#807=LINE('',#5289,#1038);
#808=LINE('',#5316,#1039);
#809=LINE('',#5319,#1040);
#810=LINE('',#5365,#1041);
#811=LINE('',#5367,#1042);
#812=LINE('',#5370,#1043);
#813=LINE('',#5371,#1044);
#814=LINE('',#5373,#1045);
#815=LINE('',#5375,#1046);
#816=LINE('',#5378,#1047);
#817=LINE('',#5380,#1048);
#818=LINE('',#5382,#1049);
#819=LINE('',#5383,#1050);
#820=LINE('',#5385,#1051);
#821=LINE('',#5387,#1052);
#822=LINE('',#5390,#1053);
#823=LINE('',#5392,#1054);
#824=LINE('',#5394,#1055);
#825=LINE('',#5396,#1056);
#826=LINE('',#5398,#1057);
#827=LINE('',#5400,#1058);
#828=LINE('',#5402,#1059);
#829=LINE('',#5404,#1060);
#830=LINE('',#5406,#1061);
#831=LINE('',#5408,#1062);
#832=LINE('',#5410,#1063);
#833=LINE('',#5412,#1064);
#834=LINE('',#5413,#1065);
#835=LINE('',#5415,#1066);
#836=LINE('',#5417,#1067);
#837=LINE('',#5420,#1068);
#838=LINE('',#5422,#1069);
#839=LINE('',#5424,#1070);
#840=LINE('',#5426,#1071);
#841=LINE('',#5428,#1072);
#842=LINE('',#5430,#1073);
#843=LINE('',#5432,#1074);
#844=LINE('',#5434,#1075);
#845=LINE('',#5436,#1076);
#846=LINE('',#5438,#1077);
#847=LINE('',#5440,#1078);
#848=LINE('',#5442,#1079);
#849=LINE('',#5444,#1080);
#850=LINE('',#5446,#1081);
#851=LINE('',#5448,#1082);
#852=LINE('',#5450,#1083);
#853=LINE('',#5452,#1084);
#854=LINE('',#5454,#1085);
#855=LINE('',#5456,#1086);
#856=LINE('',#5458,#1087);
#857=LINE('',#5460,#1088);
#858=LINE('',#5462,#1089);
#859=LINE('',#5476,#1090);
#860=LINE('',#5486,#1091);
#861=LINE('',#5492,#1092);
#862=LINE('',#5502,#1093);
#863=LINE('',#5506,#1094);
#864=LINE('',#5508,#1095);
#865=LINE('',#5509,#1096);
#866=LINE('',#5514,#1097);
#867=VECTOR('',#3606,10.);
#868=VECTOR('',#3609,10.);
#869=VECTOR('',#3622,10.);
#870=VECTOR('',#3623,10.);
#871=VECTOR('',#3636,10.);
#872=VECTOR('',#3637,10.);
#873=VECTOR('',#3648,10.);
#874=VECTOR('',#3651,10.);
#875=VECTOR('',#3664,10.);
#876=VECTOR('',#3665,10.);
#877=VECTOR('',#3676,10.);
#878=VECTOR('',#3679,10.);
#879=VECTOR('',#3692,10.);
#880=VECTOR('',#3693,10.);
#881=VECTOR('',#3704,10.);
#882=VECTOR('',#3707,10.);
#883=VECTOR('',#3720,10.);
#884=VECTOR('',#3721,10.);
#885=VECTOR('',#3732,10.);
#886=VECTOR('',#3735,10.);
#887=VECTOR('',#3746,10.);
#888=VECTOR('',#3747,10.);
#889=VECTOR('',#3748,10.);
#890=VECTOR('',#3749,10.);
#891=VECTOR('',#3752,10.);
#892=VECTOR('',#3753,10.);
#893=VECTOR('',#3754,10.);
#894=VECTOR('',#3757,10.);
#895=VECTOR('',#3758,10.);
#896=VECTOR('',#3761,10.);
#897=VECTOR('',#3762,10.);
#898=VECTOR('',#3765,10.);
#899=VECTOR('',#3768,10.);
#900=VECTOR('',#3789,10.);
#901=VECTOR('',#3790,10.);
#902=VECTOR('',#3791,10.);
#903=VECTOR('',#3792,10.);
#904=VECTOR('',#3805,10.);
#905=VECTOR('',#3806,10.);
#906=VECTOR('',#3819,10.);
#907=VECTOR('',#3820,10.);
#908=VECTOR('',#3833,10.);
#909=VECTOR('',#3834,10.);
#910=VECTOR('',#3847,10.);
#911=VECTOR('',#3848,10.);
#912=VECTOR('',#3861,10.);
#913=VECTOR('',#3862,10.);
#914=VECTOR('',#3875,10.);
#915=VECTOR('',#3876,10.);
#916=VECTOR('',#3889,10.);
#917=VECTOR('',#3890,10.);
#918=VECTOR('',#3903,10.);
#919=VECTOR('',#3904,10.);
#920=VECTOR('',#3915,10.);
#921=VECTOR('',#3916,10.);
#922=VECTOR('',#3919,10.);
#923=VECTOR('',#3920,10.);
#924=VECTOR('',#3921,10.);
#925=VECTOR('',#3924,10.);
#926=VECTOR('',#3929,10.);
#927=VECTOR('',#3930,10.);
#928=VECTOR('',#3933,10.);
#929=VECTOR('',#3938,10.);
#930=VECTOR('',#3939,10.);
#931=VECTOR('',#3942,10.);
#932=VECTOR('',#3947,10.);
#933=VECTOR('',#3948,10.);
#934=VECTOR('',#3951,10.);
#935=VECTOR('',#3956,10.);
#936=VECTOR('',#3957,10.);
#937=VECTOR('',#3958,10.);
#938=VECTOR('',#3959,10.);
#939=VECTOR('',#3960,10.);
#940=VECTOR('',#3967,10.);
#941=VECTOR('',#3970,10.);
#942=VECTOR('',#3973,10.);
#943=VECTOR('',#3976,10.);
#944=VECTOR('',#3979,10.);
#945=VECTOR('',#3982,10.);
#946=VECTOR('',#3983,10.);
#947=VECTOR('',#3984,10.);
#948=VECTOR('',#3985,10.);
#949=VECTOR('',#3986,10.);
#950=VECTOR('',#3987,10.);
#951=VECTOR('',#3990,10.);
#952=VECTOR('',#3991,10.);
#953=VECTOR('',#3994,10.);
#954=VECTOR('',#3999,10.);
#955=VECTOR('',#4000,10.);
#956=VECTOR('',#4003,10.);
#957=VECTOR('',#4006,10.);
#958=VECTOR('',#4009,10.);
#959=VECTOR('',#4012,10.);
#960=VECTOR('',#4015,10.);
#961=VECTOR('',#4022,10.);
#962=VECTOR('',#4025,10.);
#963=VECTOR('',#4034,10.);
#964=VECTOR('',#4035,10.);
#965=VECTOR('',#4036,10.);
#966=VECTOR('',#4037,10.);
#967=VECTOR('',#4038,10.);
#968=VECTOR('',#4039,10.);
#969=VECTOR('',#4040,10.);
#970=VECTOR('',#4041,10.);
#971=VECTOR('',#4056,10.);
#972=VECTOR('',#4057,10.);
#973=VECTOR('',#4062,10.);
#974=VECTOR('',#4063,10.);
#975=VECTOR('',#4068,10.);
#976=VECTOR('',#4085,10.);
#977=VECTOR('',#4088,10.);
#978=VECTOR('',#4091,10.);
#979=VECTOR('',#4094,10.);
#980=VECTOR('',#4097,10.);
#981=VECTOR('',#4100,10.);
#982=VECTOR('',#4101,10.);
#983=VECTOR('',#4102,10.);
#984=VECTOR('',#4103,10.);
#985=VECTOR('',#4106,10.);
#986=VECTOR('',#4107,10.);
#987=VECTOR('',#4108,10.);
#988=VECTOR('',#4111,10.);
#989=VECTOR('',#4112,10.);
#990=VECTOR('',#4113,10.);
#991=VECTOR('',#4116,10.);
#992=VECTOR('',#4117,10.);
#993=VECTOR('',#4122,10.);
#994=VECTOR('',#4123,10.);
#995=VECTOR('',#4126,10.);
#996=VECTOR('',#4127,10.);
#997=VECTOR('',#4128,10.);
#998=VECTOR('',#4129,10.);
#999=VECTOR('',#4132,10.);
#1000=VECTOR('',#4133,10.);
#1001=VECTOR('',#4134,10.);
#1002=VECTOR('',#4137,10.);
#1003=VECTOR('',#4138,10.);
#1004=VECTOR('',#4139,10.);
#1005=VECTOR('',#4142,10.);
#1006=VECTOR('',#4145,10.);
#1007=VECTOR('',#4146,10.);
#1008=VECTOR('',#4147,10.);
#1009=VECTOR('',#4150,10.);
#1010=VECTOR('',#4153,10.);
#1011=VECTOR('',#4156,10.);
#1012=VECTOR('',#4159,10.);
#1013=VECTOR('',#4170,1.);
#1014=VECTOR('',#4171,1.);
#1015=VECTOR('',#4172,1.);
#1016=VECTOR('',#4173,1.);
#1017=VECTOR('',#4176,1.);
#1018=VECTOR('',#4177,1.);
#1019=VECTOR('',#4178,1.);
#1020=VECTOR('',#4181,1.00000000000064);
#1021=VECTOR('',#4182,1.);
#1022=VECTOR('',#4183,1.00000000000064);
#1023=VECTOR('',#4186,1.);
#1024=VECTOR('',#4187,1.00000000000064);
#1025=VECTOR('',#4188,1.);
#1026=VECTOR('',#4191,1.);
#1027=VECTOR('',#4194,1.);
#1028=VECTOR('',#4201,1.);
#1029=VECTOR('',#4204,1.);
#1030=VECTOR('',#4229,1.);
#1031=VECTOR('',#4232,1.);
#1032=VECTOR('',#4279,1.);
#1033=VECTOR('',#4280,1.00000000000064);
#1034=VECTOR('',#4281,1.);
#1035=VECTOR('',#4284,1.);
#1036=VECTOR('',#4287,1.);
#1037=VECTOR('',#4294,1.);
#1038=VECTOR('',#4297,1.);
#1039=VECTOR('',#4322,1.);
#1040=VECTOR('',#4325,1.);
#1041=VECTOR('',#4372,1.);
#1042=VECTOR('',#4375,1.);
#1043=VECTOR('',#4380,1.);
#1044=VECTOR('',#4381,1.);
#1045=VECTOR('',#4384,1.);
#1046=VECTOR('',#4387,1.);
#1047=VECTOR('',#4392,0.5);
#1048=VECTOR('',#4395,0.5);
#1049=VECTOR('',#4398,1.);
#1050=VECTOR('',#4399,1.);
#1051=VECTOR('',#4402,1.);
#1052=VECTOR('',#4405,1.);
#1053=VECTOR('',#4410,1.05);
#1054=VECTOR('',#4413,0.5);
#1055=VECTOR('',#4416,0.85);
#1056=VECTOR('',#4419,0.75);
#1057=VECTOR('',#4422,2.);
#1058=VECTOR('',#4425,0.85);
#1059=VECTOR('',#4428,0.75);
#1060=VECTOR('',#4431,0.85);
#1061=VECTOR('',#4434,2.);
#1062=VECTOR('',#4437,0.85);
#1063=VECTOR('',#4440,0.5);
#1064=VECTOR('',#4443,1.);
#1065=VECTOR('',#4444,1.);
#1066=VECTOR('',#4447,1.);
#1067=VECTOR('',#4450,1.);
#1068=VECTOR('',#4455,0.5);
#1069=VECTOR('',#4458,0.75);
#1070=VECTOR('',#4461,0.5);
#1071=VECTOR('',#4464,0.5);
#1072=VECTOR('',#4467,0.75);
#1073=VECTOR('',#4470,0.5);
#1074=VECTOR('',#4473,0.5);
#1075=VECTOR('',#4476,0.5);
#1076=VECTOR('',#4479,0.5);
#1077=VECTOR('',#4482,0.85);
#1078=VECTOR('',#4485,0.5);
#1079=VECTOR('',#4488,0.5);
#1080=VECTOR('',#4491,0.5);
#1081=VECTOR('',#4494,0.75);
#1082=VECTOR('',#4497,2.);
#1083=VECTOR('',#4500,0.5);
#1084=VECTOR('',#4503,0.85);
#1085=VECTOR('',#4506,0.5);
#1086=VECTOR('',#4509,0.75);
#1087=VECTOR('',#4512,0.5);
#1088=VECTOR('',#4515,0.5);
#1089=VECTOR('',#4518,0.5);
#1090=VECTOR('',#4537,9.);
#1091=VECTOR('',#4550,10.);
#1092=VECTOR('',#4557,6.);
#1093=VECTOR('',#4570,10.);
#1094=VECTOR('',#4575,10.);
#1095=VECTOR('',#4576,10.);
#1096=VECTOR('',#4577,10.);
#1097=VECTOR('',#4582,3.2);
#1098=CIRCLE('',#3216,1.);
#1099=CIRCLE('',#3217,1.);
#1100=CIRCLE('',#3219,4.);
#1101=CIRCLE('',#3220,1.);
#1102=CIRCLE('',#3221,5.);
#1103=CIRCLE('',#3223,1.);
#1104=CIRCLE('',#3225,4.);
#1105=CIRCLE('',#3226,1.);
#1106=CIRCLE('',#3227,5.);
#1107=CIRCLE('',#3229,1.);
#1108=CIRCLE('',#3231,4.);
#1109=CIRCLE('',#3232,1.);
#1110=CIRCLE('',#3233,5.);
#1111=CIRCLE('',#3235,1.);
#1112=CIRCLE('',#3237,4.);
#1113=CIRCLE('',#3238,1.);
#1114=CIRCLE('',#3239,5.);
#1115=CIRCLE('',#3241,1.);
#1116=CIRCLE('',#3243,4.);
#1117=CIRCLE('',#3244,1.);
#1118=CIRCLE('',#3245,5.);
#1119=CIRCLE('',#3247,1.);
#1120=CIRCLE('',#3249,4.);
#1121=CIRCLE('',#3250,1.);
#1122=CIRCLE('',#3251,5.);
#1123=CIRCLE('',#3253,1.);
#1124=CIRCLE('',#3255,4.);
#1125=CIRCLE('',#3256,1.);
#1126=CIRCLE('',#3257,5.);
#1127=CIRCLE('',#3259,1.);
#1128=CIRCLE('',#3261,4.);
#1129=CIRCLE('',#3262,1.);
#1130=CIRCLE('',#3263,5.);
#1131=CIRCLE('',#3265,1.);
#1132=CIRCLE('',#3267,4.);
#1133=CIRCLE('',#3268,1.);
#1134=CIRCLE('',#3269,5.);
#1135=CIRCLE('',#3271,1.);
#1136=CIRCLE('',#3273,4.);
#1137=CIRCLE('',#3274,5.);
#1138=CIRCLE('',#3276,10.);
#1139=CIRCLE('',#3282,10.);
#1140=CIRCLE('',#3286,1.);
#1141=CIRCLE('',#3287,4.);
#1142=CIRCLE('',#3288,1.);
#1143=CIRCLE('',#3289,5.);
#1144=CIRCLE('',#3291,1.);
#1145=CIRCLE('',#3293,1.);
#1146=CIRCLE('',#3294,5.);
#1147=CIRCLE('',#3295,4.);
#1148=CIRCLE('',#3297,1.);
#1149=CIRCLE('',#3299,1.);
#1150=CIRCLE('',#3300,5.);
#1151=CIRCLE('',#3301,4.);
#1152=CIRCLE('',#3303,1.);
#1153=CIRCLE('',#3305,1.);
#1154=CIRCLE('',#3306,5.);
#1155=CIRCLE('',#3307,4.);
#1156=CIRCLE('',#3309,1.);
#1157=CIRCLE('',#3311,1.);
#1158=CIRCLE('',#3312,5.);
#1159=CIRCLE('',#3313,4.);
#1160=CIRCLE('',#3315,1.);
#1161=CIRCLE('',#3317,1.);
#1162=CIRCLE('',#3318,5.);
#1163=CIRCLE('',#3319,4.);
#1164=CIRCLE('',#3321,1.);
#1165=CIRCLE('',#3323,1.);
#1166=CIRCLE('',#3324,5.);
#1167=CIRCLE('',#3325,4.);
#1168=CIRCLE('',#3327,1.);
#1169=CIRCLE('',#3329,1.);
#1170=CIRCLE('',#3330,5.);
#1171=CIRCLE('',#3331,4.);
#1172=CIRCLE('',#3333,1.);
#1173=CIRCLE('',#3335,1.);
#1174=CIRCLE('',#3336,5.);
#1175=CIRCLE('',#3337,4.);
#1176=CIRCLE('',#3339,1.);
#1177=CIRCLE('',#3341,1.);
#1178=CIRCLE('',#3342,5.);
#1179=CIRCLE('',#3343,4.);
#1180=CIRCLE('',#3347,5.);
#1181=CIRCLE('',#3350,5.);
#1182=CIRCLE('',#3353,5.);
#1183=CIRCLE('',#3356,5.);
#1184=CIRCLE('',#3360,5.);
#1185=CIRCLE('',#3361,5.);
#1186=CIRCLE('',#3362,5.);
#1187=CIRCLE('',#3363,5.);
#1188=CIRCLE('',#3364,5.);
#1189=CIRCLE('',#3365,5.);
#1190=CIRCLE('',#3377,1.);
#1191=CIRCLE('',#3378,1.);
#1192=CIRCLE('',#3380,1.);
#1193=CIRCLE('',#3381,2.);
#1194=CIRCLE('',#3383,2.);
#1195=CIRCLE('',#3385,1.);
#1196=CIRCLE('',#3386,1.);
#1197=CIRCLE('',#3387,2.);
#1198=CIRCLE('',#3389,1.);
#1199=CIRCLE('',#3391,2.);
#1200=CIRCLE('',#3393,1.);
#1201=CIRCLE('',#3394,1.);
#1202=CIRCLE('',#3396,1.);
#1203=CIRCLE('',#3398,1.);
#1204=CIRCLE('',#3399,1.);
#1205=CIRCLE('',#3401,1.);
#1206=CIRCLE('',#3429,0.75);
#1207=CIRCLE('',#3430,0.75);
#1208=CIRCLE('',#3431,0.5);
#1209=CIRCLE('',#3432,0.5);
#1210=CIRCLE('',#3433,0.8);
#1211=CIRCLE('',#3434,0.8);
#1212=CIRCLE('',#3435,1.05);
#1213=CIRCLE('',#3436,0.5);
#1214=CIRCLE('',#3437,0.85);
#1215=CIRCLE('',#3438,0.75);
#1216=CIRCLE('',#3439,2.);
#1217=CIRCLE('',#3440,0.85);
#1218=CIRCLE('',#3441,0.75);
#1219=CIRCLE('',#3442,0.85);
#1220=CIRCLE('',#3443,2.);
#1221=CIRCLE('',#3444,0.85);
#1222=CIRCLE('',#3445,0.5);
#1223=CIRCLE('',#3446,0.75);
#1224=CIRCLE('',#3447,0.75);
#1225=CIRCLE('',#3448,0.5);
#1226=CIRCLE('',#3449,0.75);
#1227=CIRCLE('',#3450,0.5);
#1228=CIRCLE('',#3451,0.5);
#1229=CIRCLE('',#3452,0.75);
#1230=CIRCLE('',#3453,0.5);
#1231=CIRCLE('',#3454,0.5);
#1232=CIRCLE('',#3455,0.5);
#1233=CIRCLE('',#3456,0.5);
#1234=CIRCLE('',#3457,0.85);
#1235=CIRCLE('',#3458,0.5);
#1236=CIRCLE('',#3459,0.5);
#1237=CIRCLE('',#3460,0.5);
#1238=CIRCLE('',#3461,0.75);
#1239=CIRCLE('',#3462,2.);
#1240=CIRCLE('',#3463,0.5);
#1241=CIRCLE('',#3464,0.85);
#1242=CIRCLE('',#3465,0.5);
#1243=CIRCLE('',#3466,0.75);
#1244=CIRCLE('',#3467,0.5);
#1245=CIRCLE('',#3468,0.5);
#1246=CIRCLE('',#3469,0.5);
#1247=CIRCLE('',#3471,0.75);
#1248=CIRCLE('',#3472,0.75);
#1249=CIRCLE('',#3473,0.5);
#1250=CIRCLE('',#3474,0.5);
#1251=CIRCLE('',#3475,0.8);
#1252=CIRCLE('',#3476,0.8);
#1253=CIRCLE('',#3477,1.05);
#1254=CIRCLE('',#3478,0.5);
#1255=CIRCLE('',#3479,0.85);
#1256=CIRCLE('',#3480,0.75);
#1257=CIRCLE('',#3481,2.);
#1258=CIRCLE('',#3482,0.85);
#1259=CIRCLE('',#3483,0.75);
#1260=CIRCLE('',#3484,0.85);
#1261=CIRCLE('',#3485,2.);
#1262=CIRCLE('',#3486,0.85);
#1263=CIRCLE('',#3487,0.5);
#1264=CIRCLE('',#3488,0.75);
#1265=CIRCLE('',#3489,0.75);
#1266=CIRCLE('',#3490,0.5);
#1267=CIRCLE('',#3491,0.75);
#1268=CIRCLE('',#3492,0.5);
#1269=CIRCLE('',#3493,0.5);
#1270=CIRCLE('',#3494,0.75);
#1271=CIRCLE('',#3495,0.5);
#1272=CIRCLE('',#3496,0.5);
#1273=CIRCLE('',#3497,0.5);
#1274=CIRCLE('',#3498,0.5);
#1275=CIRCLE('',#3499,0.85);
#1276=CIRCLE('',#3500,0.5);
#1277=CIRCLE('',#3501,0.5);
#1278=CIRCLE('',#3502,0.5);
#1279=CIRCLE('',#3503,0.75);
#1280=CIRCLE('',#3504,2.);
#1281=CIRCLE('',#3505,0.5);
#1282=CIRCLE('',#3506,0.85);
#1283=CIRCLE('',#3507,0.5);
#1284=CIRCLE('',#3508,0.75);
#1285=CIRCLE('',#3509,0.5);
#1286=CIRCLE('',#3510,0.5);
#1287=CIRCLE('',#3511,0.5);
#1288=CIRCLE('',#3565,9.);
#1289=CIRCLE('',#3566,1.);
#1290=CIRCLE('',#3567,9.5);
#1291=CIRCLE('',#3568,9.5);
#1292=CIRCLE('',#3570,9.);
#1293=CIRCLE('',#3572,1.);
#1294=CIRCLE('',#3573,10.);
#1295=CIRCLE('',#3574,10.);
#1296=CIRCLE('',#3576,10.);
#1297=CIRCLE('',#3578,6.);
#1298=CIRCLE('',#3580,6.);
#1299=CIRCLE('',#3582,9.);
#1300=CIRCLE('',#3583,1.);
#1301=CIRCLE('',#3586,3.2);
#1302=CIRCLE('',#3589,3.2);
#1303=CIRCLE('',#3590,3.2);
#1304=CIRCLE('',#3591,3.2);
#1305=VERTEX_POINT('',#4602);
#1306=VERTEX_POINT('',#4603);
#1307=VERTEX_POINT('',#4605);
#1308=VERTEX_POINT('',#4607);
#1309=VERTEX_POINT('',#4611);
#1310=VERTEX_POINT('',#4613);
#1311=VERTEX_POINT('',#4617);
#1312=VERTEX_POINT('',#4618);
#1313=VERTEX_POINT('',#4623);
#1314=VERTEX_POINT('',#4625);
#1315=VERTEX_POINT('',#4629);
#1316=VERTEX_POINT('',#4630);
#1317=VERTEX_POINT('',#4635);
#1318=VERTEX_POINT('',#4637);
#1319=VERTEX_POINT('',#4641);
#1320=VERTEX_POINT('',#4643);
#1321=VERTEX_POINT('',#4647);
#1322=VERTEX_POINT('',#4649);
#1323=VERTEX_POINT('',#4653);
#1324=VERTEX_POINT('',#4654);
#1325=VERTEX_POINT('',#4659);
#1326=VERTEX_POINT('',#4661);
#1327=VERTEX_POINT('',#4665);
#1328=VERTEX_POINT('',#4667);
#1329=VERTEX_POINT('',#4671);
#1330=VERTEX_POINT('',#4673);
#1331=VERTEX_POINT('',#4677);
#1332=VERTEX_POINT('',#4678);
#1333=VERTEX_POINT('',#4683);
#1334=VERTEX_POINT('',#4685);
#1335=VERTEX_POINT('',#4689);
#1336=VERTEX_POINT('',#4691);
#1337=VERTEX_POINT('',#4695);
#1338=VERTEX_POINT('',#4697);
#1339=VERTEX_POINT('',#4701);
#1340=VERTEX_POINT('',#4702);
#1341=VERTEX_POINT('',#4707);
#1342=VERTEX_POINT('',#4709);
#1343=VERTEX_POINT('',#4713);
#1344=VERTEX_POINT('',#4715);
#1345=VERTEX_POINT('',#4722);
#1346=VERTEX_POINT('',#4724);
#1347=VERTEX_POINT('',#4725);
#1348=VERTEX_POINT('',#4727);
#1349=VERTEX_POINT('',#4729);
#1350=VERTEX_POINT('',#4733);
#1351=VERTEX_POINT('',#4735);
#1352=VERTEX_POINT('',#4739);
#1353=VERTEX_POINT('',#4743);
#1354=VERTEX_POINT('',#4749);
#1355=VERTEX_POINT('',#4755);
#1356=VERTEX_POINT('',#4756);
#1357=VERTEX_POINT('',#4758);
#1358=VERTEX_POINT('',#4760);
#1359=VERTEX_POINT('',#4764);
#1360=VERTEX_POINT('',#4765);
#1361=VERTEX_POINT('',#4767);
#1362=VERTEX_POINT('',#4769);
#1363=VERTEX_POINT('',#4774);
#1364=VERTEX_POINT('',#4775);
#1365=VERTEX_POINT('',#4780);
#1366=VERTEX_POINT('',#4781);
#1367=VERTEX_POINT('',#4786);
#1368=VERTEX_POINT('',#4787);
#1369=VERTEX_POINT('',#4792);
#1370=VERTEX_POINT('',#4793);
#1371=VERTEX_POINT('',#4798);
#1372=VERTEX_POINT('',#4799);
#1373=VERTEX_POINT('',#4804);
#1374=VERTEX_POINT('',#4805);
#1375=VERTEX_POINT('',#4810);
#1376=VERTEX_POINT('',#4811);
#1377=VERTEX_POINT('',#4816);
#1378=VERTEX_POINT('',#4817);
#1379=VERTEX_POINT('',#4822);
#1380=VERTEX_POINT('',#4823);
#1381=VERTEX_POINT('',#4828);
#1382=VERTEX_POINT('',#4829);
#1383=VERTEX_POINT('',#4834);
#1384=VERTEX_POINT('',#4835);
#1385=VERTEX_POINT('',#4840);
#1386=VERTEX_POINT('',#4841);
#1387=VERTEX_POINT('',#4846);
#1388=VERTEX_POINT('',#4847);
#1389=VERTEX_POINT('',#4852);
#1390=VERTEX_POINT('',#4853);
#1391=VERTEX_POINT('',#4858);
#1392=VERTEX_POINT('',#4859);
#1393=VERTEX_POINT('',#4864);
#1394=VERTEX_POINT('',#4865);
#1395=VERTEX_POINT('',#4870);
#1396=VERTEX_POINT('',#4871);
#1397=VERTEX_POINT('',#4879);
#1398=VERTEX_POINT('',#4881);
#1399=VERTEX_POINT('',#4885);
#1400=VERTEX_POINT('',#4889);
#1401=VERTEX_POINT('',#4893);
#1402=VERTEX_POINT('',#4897);
#1403=VERTEX_POINT('',#4901);
#1404=VERTEX_POINT('',#4905);
#1405=VERTEX_POINT('',#4909);
#1406=VERTEX_POINT('',#4913);
#1407=VERTEX_POINT('',#4920);
#1408=VERTEX_POINT('',#4922);
#1409=VERTEX_POINT('',#4929);
#1410=VERTEX_POINT('',#4931);
#1411=VERTEX_POINT('',#4938);
#1412=VERTEX_POINT('',#4946);
#1413=VERTEX_POINT('',#4951);
#1414=VERTEX_POINT('',#4953);
#1415=VERTEX_POINT('',#4955);
#1416=VERTEX_POINT('',#4957);
#1417=VERTEX_POINT('',#4959);
#1418=VERTEX_POINT('',#4961);
#1419=VERTEX_POINT('',#4963);
#1420=VERTEX_POINT('',#4965);
#1421=VERTEX_POINT('',#4967);
#1422=VERTEX_POINT('',#4969);
#1423=VERTEX_POINT('',#4972);
#1424=VERTEX_POINT('',#4973);
#1425=VERTEX_POINT('',#4975);
#1426=VERTEX_POINT('',#4977);
#1427=VERTEX_POINT('',#4979);
#1428=VERTEX_POINT('',#4981);
#1429=VERTEX_POINT('',#5005);
#1430=VERTEX_POINT('',#5006);
#1431=VERTEX_POINT('',#5008);
#1432=VERTEX_POINT('',#5010);
#1433=VERTEX_POINT('',#5017);
#1434=VERTEX_POINT('',#5019);
#1435=VERTEX_POINT('',#5021);
#1436=VERTEX_POINT('',#5023);
#1437=VERTEX_POINT('',#5025);
#1438=VERTEX_POINT('',#5027);
#1439=VERTEX_POINT('',#5029);
#1440=VERTEX_POINT('',#5031);
#1441=VERTEX_POINT('',#5035);
#1442=VERTEX_POINT('',#5036);
#1443=VERTEX_POINT('',#5041);
#1444=VERTEX_POINT('',#5042);
#1445=VERTEX_POINT('',#5047);
#1446=VERTEX_POINT('',#5049);
#1447=VERTEX_POINT('',#5053);
#1448=VERTEX_POINT('',#5055);
#1449=VERTEX_POINT('',#5061);
#1450=VERTEX_POINT('',#5065);
#1451=VERTEX_POINT('',#5077);
#1452=VERTEX_POINT('',#5078);
#1453=VERTEX_POINT('',#5080);
#1454=VERTEX_POINT('',#5082);
#1455=VERTEX_POINT('',#5086);
#1456=VERTEX_POINT('',#5088);
#1457=VERTEX_POINT('',#5092);
#1458=VERTEX_POINT('',#5094);
#1459=VERTEX_POINT('',#5105);
#1460=VERTEX_POINT('',#5106);
#1461=VERTEX_POINT('',#5108);
#1462=VERTEX_POINT('',#5110);
#1463=VERTEX_POINT('',#5114);
#1464=VERTEX_POINT('',#5116);
#1465=VERTEX_POINT('',#5120);
#1466=VERTEX_POINT('',#5122);
#1467=VERTEX_POINT('',#5144);
#1468=VERTEX_POINT('',#5145);
#1469=VERTEX_POINT('',#5147);
#1470=VERTEX_POINT('',#5149);
#1471=VERTEX_POINT('',#5153);
#1472=VERTEX_POINT('',#5154);
#1473=VERTEX_POINT('',#5159);
#1474=VERTEX_POINT('',#5161);
#1475=VERTEX_POINT('',#5165);
#1476=VERTEX_POINT('',#5167);
#1477=VERTEX_POINT('',#5170);
#1478=VERTEX_POINT('',#5171);
#1479=VERTEX_POINT('',#5173);
#1480=VERTEX_POINT('',#5175);
#1481=VERTEX_POINT('',#5178);
#1482=VERTEX_POINT('',#5180);
#1483=VERTEX_POINT('',#5182);
#1484=VERTEX_POINT('',#5183);
#1485=VERTEX_POINT('',#5185);
#1486=VERTEX_POINT('',#5187);
#1487=VERTEX_POINT('',#5190);
#1488=VERTEX_POINT('',#5192);
#1489=VERTEX_POINT('',#5194);
#1490=VERTEX_POINT('',#5196);
#1491=VERTEX_POINT('',#5198);
#1492=VERTEX_POINT('',#5200);
#1493=VERTEX_POINT('',#5202);
#1494=VERTEX_POINT('',#5204);
#1495=VERTEX_POINT('',#5206);
#1496=VERTEX_POINT('',#5208);
#1497=VERTEX_POINT('',#5210);
#1498=VERTEX_POINT('',#5212);
#1499=VERTEX_POINT('',#5213);
#1500=VERTEX_POINT('',#5215);
#1501=VERTEX_POINT('',#5217);
#1502=VERTEX_POINT('',#5220);
#1503=VERTEX_POINT('',#5222);
#1504=VERTEX_POINT('',#5224);
#1505=VERTEX_POINT('',#5226);
#1506=VERTEX_POINT('',#5228);
#1507=VERTEX_POINT('',#5230);
#1508=VERTEX_POINT('',#5232);
#1509=VERTEX_POINT('',#5234);
#1510=VERTEX_POINT('',#5236);
#1511=VERTEX_POINT('',#5238);
#1512=VERTEX_POINT('',#5240);
#1513=VERTEX_POINT('',#5242);
#1514=VERTEX_POINT('',#5244);
#1515=VERTEX_POINT('',#5246);
#1516=VERTEX_POINT('',#5248);
#1517=VERTEX_POINT('',#5250);
#1518=VERTEX_POINT('',#5252);
#1519=VERTEX_POINT('',#5254);
#1520=VERTEX_POINT('',#5256);
#1521=VERTEX_POINT('',#5258);
#1522=VERTEX_POINT('',#5260);
#1523=VERTEX_POINT('',#5262);
#1524=VERTEX_POINT('',#5265);
#1525=VERTEX_POINT('',#5267);
#1526=VERTEX_POINT('',#5270);
#1527=VERTEX_POINT('',#5271);
#1528=VERTEX_POINT('',#5273);
#1529=VERTEX_POINT('',#5275);
#1530=VERTEX_POINT('',#5278);
#1531=VERTEX_POINT('',#5280);
#1532=VERTEX_POINT('',#5282);
#1533=VERTEX_POINT('',#5283);
#1534=VERTEX_POINT('',#5285);
#1535=VERTEX_POINT('',#5287);
#1536=VERTEX_POINT('',#5290);
#1537=VERTEX_POINT('',#5292);
#1538=VERTEX_POINT('',#5294);
#1539=VERTEX_POINT('',#5296);
#1540=VERTEX_POINT('',#5298);
#1541=VERTEX_POINT('',#5300);
#1542=VERTEX_POINT('',#5302);
#1543=VERTEX_POINT('',#5304);
#1544=VERTEX_POINT('',#5306);
#1545=VERTEX_POINT('',#5308);
#1546=VERTEX_POINT('',#5310);
#1547=VERTEX_POINT('',#5312);
#1548=VERTEX_POINT('',#5313);
#1549=VERTEX_POINT('',#5315);
#1550=VERTEX_POINT('',#5317);
#1551=VERTEX_POINT('',#5320);
#1552=VERTEX_POINT('',#5322);
#1553=VERTEX_POINT('',#5324);
#1554=VERTEX_POINT('',#5326);
#1555=VERTEX_POINT('',#5328);
#1556=VERTEX_POINT('',#5330);
#1557=VERTEX_POINT('',#5332);
#1558=VERTEX_POINT('',#5334);
#1559=VERTEX_POINT('',#5336);
#1560=VERTEX_POINT('',#5338);
#1561=VERTEX_POINT('',#5340);
#1562=VERTEX_POINT('',#5342);
#1563=VERTEX_POINT('',#5344);
#1564=VERTEX_POINT('',#5346);
#1565=VERTEX_POINT('',#5348);
#1566=VERTEX_POINT('',#5350);
#1567=VERTEX_POINT('',#5352);
#1568=VERTEX_POINT('',#5354);
#1569=VERTEX_POINT('',#5356);
#1570=VERTEX_POINT('',#5358);
#1571=VERTEX_POINT('',#5360);
#1572=VERTEX_POINT('',#5362);
#1573=VERTEX_POINT('',#5466);
#1574=VERTEX_POINT('',#5468);
#1575=VERTEX_POINT('',#5470);
#1576=VERTEX_POINT('',#5474);
#1577=VERTEX_POINT('',#5478);
#1578=VERTEX_POINT('',#5480);
#1579=VERTEX_POINT('',#5484);
#1580=VERTEX_POINT('',#5488);
#1581=VERTEX_POINT('',#5491);
#1582=VERTEX_POINT('',#5495);
#1583=VERTEX_POINT('',#5500);
#1584=VERTEX_POINT('',#5501);
#1585=VERTEX_POINT('',#5505);
#1586=VERTEX_POINT('',#5507);
#1587=VERTEX_POINT('',#5511);
#1588=VERTEX_POINT('',#5513);
#1589=EDGE_CURVE('',#1305,#1306,#1098,.T.);
#1590=EDGE_CURVE('',#1306,#1307,#636,.T.);
#1591=EDGE_CURVE('',#1307,#1308,#1099,.T.);
#1592=EDGE_CURVE('',#1308,#1305,#637,.T.);
#1593=EDGE_CURVE('',#1307,#1309,#1100,.T.);
#1594=EDGE_CURVE('',#1309,#1310,#1101,.T.);
#1595=EDGE_CURVE('',#1310,#1308,#1102,.T.);
#1596=EDGE_CURVE('',#1311,#1312,#1103,.T.);
#1597=EDGE_CURVE('',#1312,#1310,#638,.T.);
#1598=EDGE_CURVE('',#1309,#1311,#639,.T.);
#1599=EDGE_CURVE('',#1311,#1313,#1104,.T.);
#1600=EDGE_CURVE('',#1313,#1314,#1105,.T.);
#1601=EDGE_CURVE('',#1314,#1312,#1106,.T.);
#1602=EDGE_CURVE('',#1315,#1316,#1107,.T.);
#1603=EDGE_CURVE('',#1314,#1316,#640,.T.);
#1604=EDGE_CURVE('',#1313,#1315,#641,.T.);
#1605=EDGE_CURVE('',#1315,#1317,#1108,.T.);
#1606=EDGE_CURVE('',#1317,#1318,#1109,.T.);
#1607=EDGE_CURVE('',#1318,#1316,#1110,.T.);
#1608=EDGE_CURVE('',#1317,#1319,#642,.T.);
#1609=EDGE_CURVE('',#1319,#1320,#1111,.T.);
#1610=EDGE_CURVE('',#1320,#1318,#643,.T.);
#1611=EDGE_CURVE('',#1319,#1321,#1112,.T.);
#1612=EDGE_CURVE('',#1321,#1322,#1113,.T.);
#1613=EDGE_CURVE('',#1322,#1320,#1114,.T.);
#1614=EDGE_CURVE('',#1323,#1324,#1115,.T.);
#1615=EDGE_CURVE('',#1322,#1324,#644,.T.);
#1616=EDGE_CURVE('',#1321,#1323,#645,.T.);
#1617=EDGE_CURVE('',#1323,#1325,#1116,.T.);
#1618=EDGE_CURVE('',#1325,#1326,#1117,.T.);
#1619=EDGE_CURVE('',#1326,#1324,#1118,.T.);
#1620=EDGE_CURVE('',#1325,#1327,#646,.T.);
#1621=EDGE_CURVE('',#1327,#1328,#1119,.T.);
#1622=EDGE_CURVE('',#1328,#1326,#647,.T.);
#1623=EDGE_CURVE('',#1327,#1329,#1120,.T.);
#1624=EDGE_CURVE('',#1329,#1330,#1121,.T.);
#1625=EDGE_CURVE('',#1330,#1328,#1122,.T.);
#1626=EDGE_CURVE('',#1331,#1332,#1123,.T.);
#1627=EDGE_CURVE('',#1330,#1332,#648,.T.);
#1628=EDGE_CURVE('',#1329,#1331,#649,.T.);
#1629=EDGE_CURVE('',#1331,#1333,#1124,.T.);
#1630=EDGE_CURVE('',#1333,#1334,#1125,.T.);
#1631=EDGE_CURVE('',#1334,#1332,#1126,.T.);
#1632=EDGE_CURVE('',#1333,#1335,#650,.T.);
#1633=EDGE_CURVE('',#1335,#1336,#1127,.T.);
#1634=EDGE_CURVE('',#1336,#1334,#651,.T.);
#1635=EDGE_CURVE('',#1335,#1337,#1128,.T.);
#1636=EDGE_CURVE('',#1337,#1338,#1129,.T.);
#1637=EDGE_CURVE('',#1338,#1336,#1130,.T.);
#1638=EDGE_CURVE('',#1339,#1340,#1131,.T.);
#1639=EDGE_CURVE('',#1338,#1340,#652,.T.);
#1640=EDGE_CURVE('',#1337,#1339,#653,.T.);
#1641=EDGE_CURVE('',#1339,#1341,#1132,.T.);
#1642=EDGE_CURVE('',#1341,#1342,#1133,.T.);
#1643=EDGE_CURVE('',#1342,#1340,#1134,.T.);
#1644=EDGE_CURVE('',#1341,#1343,#654,.T.);
#1645=EDGE_CURVE('',#1343,#1344,#1135,.T.);
#1646=EDGE_CURVE('',#1342,#1344,#655,.T.);
#1647=EDGE_CURVE('',#1343,#1306,#1136,.T.);
#1648=EDGE_CURVE('',#1305,#1344,#1137,.T.);
#1649=EDGE_CURVE('',#1345,#1345,#1138,.T.);
#1650=EDGE_CURVE('',#1346,#1347,#656,.T.);
#1651=EDGE_CURVE('',#1347,#1348,#657,.T.);
#1652=EDGE_CURVE('',#1348,#1349,#658,.T.);
#1653=EDGE_CURVE('',#1349,#1346,#659,.T.);
#1654=EDGE_CURVE('',#1346,#1350,#660,.T.);
#1655=EDGE_CURVE('',#1351,#1350,#661,.T.);
#1656=EDGE_CURVE('',#1347,#1351,#662,.T.);
#1657=EDGE_CURVE('',#1349,#1352,#663,.T.);
#1658=EDGE_CURVE('',#1350,#1352,#664,.T.);
#1659=EDGE_CURVE('',#1348,#1353,#665,.T.);
#1660=EDGE_CURVE('',#1352,#1353,#666,.T.);
#1661=EDGE_CURVE('',#1353,#1351,#667,.T.);
#1662=EDGE_CURVE('',#1345,#1354,#668,.T.);
#1663=EDGE_CURVE('',#1354,#1354,#1139,.T.);
#1664=EDGE_CURVE('',#1355,#1356,#1140,.T.);
#1665=EDGE_CURVE('',#1356,#1357,#1141,.T.);
#1666=EDGE_CURVE('',#1357,#1358,#1142,.T.);
#1667=EDGE_CURVE('',#1358,#1355,#1143,.T.);
#1668=EDGE_CURVE('',#1359,#1360,#1144,.T.);
#1669=EDGE_CURVE('',#1360,#1361,#669,.T.);
#1670=EDGE_CURVE('',#1361,#1362,#670,.T.);
#1671=EDGE_CURVE('',#1362,#1358,#671,.T.);
#1672=EDGE_CURVE('',#1357,#1359,#672,.T.);
#1673=EDGE_CURVE('',#1363,#1364,#1145,.T.);
#1674=EDGE_CURVE('',#1364,#1360,#1146,.T.);
#1675=EDGE_CURVE('',#1359,#1363,#1147,.T.);
#1676=EDGE_CURVE('',#1365,#1366,#1148,.T.);
#1677=EDGE_CURVE('',#1366,#1364,#673,.T.);
#1678=EDGE_CURVE('',#1363,#1365,#674,.T.);
#1679=EDGE_CURVE('',#1367,#1368,#1149,.T.);
#1680=EDGE_CURVE('',#1368,#1366,#1150,.T.);
#1681=EDGE_CURVE('',#1365,#1367,#1151,.T.);
#1682=EDGE_CURVE('',#1369,#1370,#1152,.T.);
#1683=EDGE_CURVE('',#1370,#1368,#675,.T.);
#1684=EDGE_CURVE('',#1367,#1369,#676,.T.);
#1685=EDGE_CURVE('',#1371,#1372,#1153,.T.);
#1686=EDGE_CURVE('',#1372,#1370,#1154,.T.);
#1687=EDGE_CURVE('',#1369,#1371,#1155,.T.);
#1688=EDGE_CURVE('',#1373,#1374,#1156,.T.);
#1689=EDGE_CURVE('',#1374,#1372,#677,.T.);
#1690=EDGE_CURVE('',#1371,#1373,#678,.T.);
#1691=EDGE_CURVE('',#1375,#1376,#1157,.T.);
#1692=EDGE_CURVE('',#1376,#1374,#1158,.T.);
#1693=EDGE_CURVE('',#1373,#1375,#1159,.T.);
#1694=EDGE_CURVE('',#1377,#1378,#1160,.T.);
#1695=EDGE_CURVE('',#1378,#1376,#679,.T.);
#1696=EDGE_CURVE('',#1375,#1377,#680,.T.);
#1697=EDGE_CURVE('',#1379,#1380,#1161,.T.);
#1698=EDGE_CURVE('',#1380,#1378,#1162,.T.);
#1699=EDGE_CURVE('',#1377,#1379,#1163,.T.);
#1700=EDGE_CURVE('',#1381,#1382,#1164,.T.);
#1701=EDGE_CURVE('',#1382,#1380,#681,.T.);
#1702=EDGE_CURVE('',#1379,#1381,#682,.T.);
#1703=EDGE_CURVE('',#1383,#1384,#1165,.T.);
#1704=EDGE_CURVE('',#1384,#1382,#1166,.T.);
#1705=EDGE_CURVE('',#1381,#1383,#1167,.T.);
#1706=EDGE_CURVE('',#1385,#1386,#1168,.T.);
#1707=EDGE_CURVE('',#1386,#1384,#683,.T.);
#1708=EDGE_CURVE('',#1383,#1385,#684,.T.);
#1709=EDGE_CURVE('',#1387,#1388,#1169,.T.);
#1710=EDGE_CURVE('',#1388,#1386,#1170,.T.);
#1711=EDGE_CURVE('',#1385,#1387,#1171,.T.);
#1712=EDGE_CURVE('',#1389,#1390,#1172,.T.);
#1713=EDGE_CURVE('',#1390,#1388,#685,.T.);
#1714=EDGE_CURVE('',#1387,#1389,#686,.T.);
#1715=EDGE_CURVE('',#1391,#1392,#1173,.T.);
#1716=EDGE_CURVE('',#1392,#1390,#1174,.T.);
#1717=EDGE_CURVE('',#1389,#1391,#1175,.T.);
#1718=EDGE_CURVE('',#1393,#1394,#1176,.T.);
#1719=EDGE_CURVE('',#1394,#1392,#687,.T.);
#1720=EDGE_CURVE('',#1391,#1393,#688,.T.);
#1721=EDGE_CURVE('',#1395,#1396,#1177,.T.);
#1722=EDGE_CURVE('',#1396,#1394,#1178,.T.);
#1723=EDGE_CURVE('',#1393,#1395,#1179,.T.);
#1724=EDGE_CURVE('',#1355,#1396,#689,.T.);
#1725=EDGE_CURVE('',#1395,#1356,#690,.T.);
#1726=EDGE_CURVE('',#1397,#1386,#691,.T.);
#1727=EDGE_CURVE('',#1398,#1397,#692,.T.);
#1728=EDGE_CURVE('',#1384,#1398,#693,.T.);
#1729=EDGE_CURVE('',#1388,#1399,#694,.T.);
#1730=EDGE_CURVE('',#1399,#1397,#1180,.T.);
#1731=EDGE_CURVE('',#1400,#1390,#695,.T.);
#1732=EDGE_CURVE('',#1399,#1400,#696,.T.);
#1733=EDGE_CURVE('',#1392,#1401,#697,.T.);
#1734=EDGE_CURVE('',#1401,#1400,#1181,.T.);
#1735=EDGE_CURVE('',#1402,#1394,#698,.T.);
#1736=EDGE_CURVE('',#1401,#1402,#699,.T.);
#1737=EDGE_CURVE('',#1396,#1403,#700,.T.);
#1738=EDGE_CURVE('',#1403,#1402,#1182,.T.);
#1739=EDGE_CURVE('',#1404,#1355,#701,.T.);
#1740=EDGE_CURVE('',#1403,#1404,#702,.T.);
#1741=EDGE_CURVE('',#1358,#1405,#703,.T.);
#1742=EDGE_CURVE('',#1405,#1404,#1183,.T.);
#1743=EDGE_CURVE('',#1406,#1362,#31,.T.);
#1744=EDGE_CURVE('',#1407,#1406,#704,.T.);
#1745=EDGE_CURVE('',#1408,#1407,#32,.T.);
#1746=EDGE_CURVE('',#1408,#1409,#705,.T.);
#1747=EDGE_CURVE('',#1410,#1409,#33,.T.);
#1748=EDGE_CURVE('',#1411,#1410,#706,.T.);
#1749=EDGE_CURVE('',#1361,#1411,#34,.T.);
#1750=EDGE_CURVE('',#1412,#1360,#707,.T.);
#1751=EDGE_CURVE('',#1405,#1412,#708,.T.);
#1752=EDGE_CURVE('',#1413,#1412,#1184,.T.);
#1753=EDGE_CURVE('',#1413,#1414,#709,.T.);
#1754=EDGE_CURVE('',#1415,#1414,#1185,.T.);
#1755=EDGE_CURVE('',#1415,#1416,#710,.T.);
#1756=EDGE_CURVE('',#1417,#1416,#1186,.T.);
#1757=EDGE_CURVE('',#1417,#1418,#711,.T.);
#1758=EDGE_CURVE('',#1419,#1418,#1187,.T.);
#1759=EDGE_CURVE('',#1419,#1420,#712,.T.);
#1760=EDGE_CURVE('',#1421,#1420,#1188,.T.);
#1761=EDGE_CURVE('',#1421,#1422,#713,.T.);
#1762=EDGE_CURVE('',#1398,#1422,#1189,.T.);
#1763=EDGE_CURVE('',#1423,#1424,#714,.T.);
#1764=EDGE_CURVE('',#1424,#1425,#715,.T.);
#1765=EDGE_CURVE('',#1425,#1426,#716,.T.);
#1766=EDGE_CURVE('',#1426,#1427,#717,.T.);
#1767=EDGE_CURVE('',#1427,#1428,#718,.T.);
#1768=EDGE_CURVE('',#1428,#1423,#719,.T.);
#1769=EDGE_CURVE('',#1380,#1421,#720,.T.);
#1770=EDGE_CURVE('',#1420,#1378,#721,.T.);
#1771=EDGE_CURVE('',#1422,#1382,#722,.T.);
#1772=EDGE_CURVE('',#1376,#1419,#723,.T.);
#1773=EDGE_CURVE('',#1418,#1374,#724,.T.);
#1774=EDGE_CURVE('',#1372,#1417,#725,.T.);
#1775=EDGE_CURVE('',#1416,#1370,#726,.T.);
#1776=EDGE_CURVE('',#1368,#1415,#727,.T.);
#1777=EDGE_CURVE('',#1414,#1366,#728,.T.);
#1778=EDGE_CURVE('',#1364,#1413,#729,.T.);
#1779=EDGE_CURVE('',#1429,#1430,#1190,.T.);
#1780=EDGE_CURVE('',#1430,#1431,#730,.T.);
#1781=EDGE_CURVE('',#1431,#1432,#1191,.T.);
#1782=EDGE_CURVE('',#1432,#1429,#731,.T.);
#1783=EDGE_CURVE('',#1411,#1430,#1192,.T.);
#1784=EDGE_CURVE('',#1429,#1361,#1193,.T.);
#1785=EDGE_CURVE('',#1432,#1433,#732,.T.);
#1786=EDGE_CURVE('',#1433,#1434,#733,.T.);
#1787=EDGE_CURVE('',#1434,#1435,#734,.T.);
#1788=EDGE_CURVE('',#1435,#1436,#735,.T.);
#1789=EDGE_CURVE('',#1436,#1437,#736,.T.);
#1790=EDGE_CURVE('',#1437,#1438,#737,.T.);
#1791=EDGE_CURVE('',#1438,#1439,#738,.T.);
#1792=EDGE_CURVE('',#1440,#1439,#739,.T.);
#1793=EDGE_CURVE('',#1362,#1440,#1194,.T.);
#1794=EDGE_CURVE('',#1441,#1442,#1195,.T.);
#1795=EDGE_CURVE('',#1442,#1410,#1196,.T.);
#1796=EDGE_CURVE('',#1409,#1441,#1197,.T.);
#1797=EDGE_CURVE('',#1443,#1444,#1198,.T.);
#1798=EDGE_CURVE('',#1444,#1442,#740,.T.);
#1799=EDGE_CURVE('',#1441,#1443,#741,.T.);
#1800=EDGE_CURVE('',#1445,#1408,#1199,.T.);
#1801=EDGE_CURVE('',#1446,#1445,#742,.T.);
#1802=EDGE_CURVE('',#1443,#1446,#743,.T.);
#1803=EDGE_CURVE('',#1445,#1447,#1200,.T.);
#1804=EDGE_CURVE('',#1447,#1448,#744,.T.);
#1805=EDGE_CURVE('',#1448,#1446,#1201,.T.);
#1806=EDGE_CURVE('',#1407,#1447,#1202,.T.);
#1807=EDGE_CURVE('',#1440,#1449,#1203,.T.);
#1808=EDGE_CURVE('',#1449,#1406,#1204,.T.);
#1809=EDGE_CURVE('',#1439,#1450,#1205,.T.);
#1810=EDGE_CURVE('',#1450,#1449,#745,.T.);
#1811=EDGE_CURVE('',#1442,#1430,#746,.T.);
#1812=EDGE_CURVE('',#1431,#1444,#747,.T.);
#1813=EDGE_CURVE('',#1449,#1447,#748,.T.);
#1814=EDGE_CURVE('',#1448,#1450,#749,.T.);
#1815=EDGE_CURVE('',#1451,#1452,#750,.T.);
#1816=EDGE_CURVE('',#1451,#1453,#751,.T.);
#1817=EDGE_CURVE('',#1454,#1453,#752,.T.);
#1818=EDGE_CURVE('',#1452,#1454,#753,.T.);
#1819=EDGE_CURVE('',#1452,#1455,#754,.T.);
#1820=EDGE_CURVE('',#1456,#1454,#755,.T.);
#1821=EDGE_CURVE('',#1455,#1456,#756,.T.);
#1822=EDGE_CURVE('',#1457,#1455,#757,.T.);
#1823=EDGE_CURVE('',#1458,#1456,#758,.T.);
#1824=EDGE_CURVE('',#1457,#1458,#759,.T.);
#1825=EDGE_CURVE('',#1457,#1451,#760,.T.);
#1826=EDGE_CURVE('',#1453,#1458,#761,.T.);
#1827=EDGE_CURVE('',#1435,#1451,#762,.T.);
#1828=EDGE_CURVE('',#1434,#1457,#763,.T.);
#1829=EDGE_CURVE('',#1459,#1460,#764,.T.);
#1830=EDGE_CURVE('',#1461,#1459,#765,.T.);
#1831=EDGE_CURVE('',#1462,#1461,#766,.T.);
#1832=EDGE_CURVE('',#1460,#1462,#767,.T.);
#1833=EDGE_CURVE('',#1460,#1463,#768,.T.);
#1834=EDGE_CURVE('',#1464,#1462,#769,.T.);
#1835=EDGE_CURVE('',#1463,#1464,#770,.T.);
#1836=EDGE_CURVE('',#1463,#1465,#771,.T.);
#1837=EDGE_CURVE('',#1466,#1464,#772,.T.);
#1838=EDGE_CURVE('',#1465,#1466,#773,.T.);
#1839=EDGE_CURVE('',#1466,#1461,#774,.T.);
#1840=EDGE_CURVE('',#1438,#1465,#775,.T.);
#1841=EDGE_CURVE('',#1437,#1428,#776,.T.);
#1842=EDGE_CURVE('',#1459,#1427,#777,.T.);
#1843=EDGE_CURVE('',#1433,#1426,#778,.T.);
#1844=EDGE_CURVE('',#1436,#1423,#779,.T.);
#1845=EDGE_CURVE('',#1455,#1425,#780,.T.);
#1846=EDGE_CURVE('',#1452,#1424,#781,.T.);
#1847=EDGE_CURVE('',#1467,#1468,#782,.T.);
#1848=EDGE_CURVE('',#1468,#1469,#783,.T.);
#1849=EDGE_CURVE('',#1470,#1469,#784,.T.);
#1850=EDGE_CURVE('',#1467,#1470,#785,.T.);
#1851=EDGE_CURVE('',#1471,#1472,#786,.T.);
#1852=EDGE_CURVE('',#1472,#1468,#787,.T.);
#1853=EDGE_CURVE('',#1471,#1467,#788,.T.);
#1854=EDGE_CURVE('',#1469,#1473,#789,.T.);
#1855=EDGE_CURVE('',#1474,#1473,#790,.T.);
#1856=EDGE_CURVE('',#1470,#1474,#791,.T.);
#1857=EDGE_CURVE('',#1474,#1475,#792,.T.);
#1858=EDGE_CURVE('',#1475,#1476,#793,.T.);
#1859=EDGE_CURVE('',#1476,#1471,#794,.T.);
#1860=EDGE_CURVE('',#1477,#1478,#1206,.T.);
#1861=EDGE_CURVE('',#1479,#1477,#795,.T.);
#1862=EDGE_CURVE('',#1480,#1479,#1207,.T.);
#1863=EDGE_CURVE('',#1478,#1480,#796,.T.);
#1864=EDGE_CURVE('',#1481,#1481,#1208,.T.);
#1865=EDGE_CURVE('',#1482,#1482,#1209,.T.);
#1866=EDGE_CURVE('',#1483,#1484,#1210,.T.);
#1867=EDGE_CURVE('',#1485,#1483,#797,.T.);
#1868=EDGE_CURVE('',#1486,#1485,#1211,.T.);
#1869=EDGE_CURVE('',#1484,#1486,#798,.T.);
#1870=EDGE_CURVE('',#1487,#1487,#1212,.T.);
#1871=EDGE_CURVE('',#1488,#1488,#1213,.T.);
#1872=EDGE_CURVE('',#1489,#1489,#1214,.T.);
#1873=EDGE_CURVE('',#1490,#1490,#1215,.T.);
#1874=EDGE_CURVE('',#1491,#1491,#1216,.T.);
#1875=EDGE_CURVE('',#1492,#1492,#1217,.T.);
#1876=EDGE_CURVE('',#1493,#1493,#1218,.T.);
#1877=EDGE_CURVE('',#1494,#1494,#1219,.T.);
#1878=EDGE_CURVE('',#1495,#1495,#1220,.T.);
#1879=EDGE_CURVE('',#1496,#1496,#1221,.T.);
#1880=EDGE_CURVE('',#1497,#1497,#1222,.T.);
#1881=EDGE_CURVE('',#1498,#1499,#1223,.T.);
#1882=EDGE_CURVE('',#1500,#1498,#799,.T.);
#1883=EDGE_CURVE('',#1501,#1500,#1224,.T.);
#1884=EDGE_CURVE('',#1499,#1501,#800,.T.);
#1885=EDGE_CURVE('',#1502,#1502,#1225,.T.);
#1886=EDGE_CURVE('',#1503,#1503,#1226,.T.);
#1887=EDGE_CURVE('',#1504,#1504,#1227,.T.);
#1888=EDGE_CURVE('',#1505,#1505,#1228,.T.);
#1889=EDGE_CURVE('',#1506,#1506,#1229,.T.);
#1890=EDGE_CURVE('',#1507,#1507,#1230,.T.);
#1891=EDGE_CURVE('',#1508,#1508,#1231,.T.);
#1892=EDGE_CURVE('',#1509,#1509,#1232,.T.);
#1893=EDGE_CURVE('',#1510,#1510,#1233,.T.);
#1894=EDGE_CURVE('',#1511,#1511,#1234,.T.);
#1895=EDGE_CURVE('',#1512,#1512,#1235,.T.);
#1896=EDGE_CURVE('',#1513,#1513,#1236,.T.);
#1897=EDGE_CURVE('',#1514,#1514,#1237,.T.);
#1898=EDGE_CURVE('',#1515,#1515,#1238,.T.);
#1899=EDGE_CURVE('',#1516,#1516,#1239,.T.);
#1900=EDGE_CURVE('',#1517,#1517,#1240,.T.);
#1901=EDGE_CURVE('',#1518,#1518,#1241,.T.);
#1902=EDGE_CURVE('',#1519,#1519,#1242,.T.);
#1903=EDGE_CURVE('',#1520,#1520,#1243,.T.);
#1904=EDGE_CURVE('',#1521,#1521,#1244,.T.);
#1905=EDGE_CURVE('',#1522,#1522,#1245,.T.);
#1906=EDGE_CURVE('',#1523,#1523,#1246,.T.);
#1907=EDGE_CURVE('',#1524,#1472,#801,.T.);
#1908=EDGE_CURVE('',#1525,#1524,#802,.T.);
#1909=EDGE_CURVE('',#1473,#1525,#803,.T.);
#1910=EDGE_CURVE('',#1526,#1527,#1247,.T.);
#1911=EDGE_CURVE('',#1527,#1528,#804,.T.);
#1912=EDGE_CURVE('',#1528,#1529,#1248,.T.);
#1913=EDGE_CURVE('',#1529,#1526,#805,.T.);
#1914=EDGE_CURVE('',#1530,#1530,#1249,.T.);
#1915=EDGE_CURVE('',#1531,#1531,#1250,.T.);
#1916=EDGE_CURVE('',#1532,#1533,#1251,.T.);
#1917=EDGE_CURVE('',#1533,#1534,#806,.T.);
#1918=EDGE_CURVE('',#1534,#1535,#1252,.T.);
#1919=EDGE_CURVE('',#1535,#1532,#807,.T.);
#1920=EDGE_CURVE('',#1536,#1536,#1253,.T.);
#1921=EDGE_CURVE('',#1537,#1537,#1254,.T.);
#1922=EDGE_CURVE('',#1538,#1538,#1255,.T.);
#1923=EDGE_CURVE('',#1539,#1539,#1256,.T.);
#1924=EDGE_CURVE('',#1540,#1540,#1257,.T.);
#1925=EDGE_CURVE('',#1541,#1541,#1258,.T.);
#1926=EDGE_CURVE('',#1542,#1542,#1259,.T.);
#1927=EDGE_CURVE('',#1543,#1543,#1260,.T.);
#1928=EDGE_CURVE('',#1544,#1544,#1261,.T.);
#1929=EDGE_CURVE('',#1545,#1545,#1262,.T.);
#1930=EDGE_CURVE('',#1546,#1546,#1263,.T.);
#1931=EDGE_CURVE('',#1547,#1548,#1264,.T.);
#1932=EDGE_CURVE('',#1548,#1549,#808,.T.);
#1933=EDGE_CURVE('',#1549,#1550,#1265,.T.);
#1934=EDGE_CURVE('',#1550,#1547,#809,.T.);
#1935=EDGE_CURVE('',#1551,#1551,#1266,.T.);
#1936=EDGE_CURVE('',#1552,#1552,#1267,.T.);
#1937=EDGE_CURVE('',#1553,#1553,#1268,.T.);
#1938=EDGE_CURVE('',#1554,#1554,#1269,.T.);
#1939=EDGE_CURVE('',#1555,#1555,#1270,.T.);
#1940=EDGE_CURVE('',#1556,#1556,#1271,.T.);
#1941=EDGE_CURVE('',#1557,#1557,#1272,.T.);
#1942=EDGE_CURVE('',#1558,#1558,#1273,.T.);
#1943=EDGE_CURVE('',#1559,#1559,#1274,.T.);
#1944=EDGE_CURVE('',#1560,#1560,#1275,.T.);
#1945=EDGE_CURVE('',#1561,#1561,#1276,.T.);
#1946=EDGE_CURVE('',#1562,#1562,#1277,.T.);
#1947=EDGE_CURVE('',#1563,#1563,#1278,.T.);
#1948=EDGE_CURVE('',#1564,#1564,#1279,.T.);
#1949=EDGE_CURVE('',#1565,#1565,#1280,.T.);
#1950=EDGE_CURVE('',#1566,#1566,#1281,.T.);
#1951=EDGE_CURVE('',#1567,#1567,#1282,.T.);
#1952=EDGE_CURVE('',#1568,#1568,#1283,.T.);
#1953=EDGE_CURVE('',#1569,#1569,#1284,.T.);
#1954=EDGE_CURVE('',#1570,#1570,#1285,.T.);
#1955=EDGE_CURVE('',#1571,#1571,#1286,.T.);
#1956=EDGE_CURVE('',#1572,#1572,#1287,.T.);
#1957=EDGE_CURVE('',#1476,#1524,#810,.T.);
#1958=EDGE_CURVE('',#1475,#1525,#811,.T.);
#1959=EDGE_CURVE('',#1478,#1527,#812,.T.);
#1960=EDGE_CURVE('',#1477,#1526,#813,.T.);
#1961=EDGE_CURVE('',#1479,#1529,#814,.T.);
#1962=EDGE_CURVE('',#1480,#1528,#815,.T.);
#1963=EDGE_CURVE('',#1530,#1481,#816,.T.);
#1964=EDGE_CURVE('',#1531,#1482,#817,.T.);
#1965=EDGE_CURVE('',#1484,#1533,#818,.T.);
#1966=EDGE_CURVE('',#1483,#1532,#819,.T.);
#1967=EDGE_CURVE('',#1485,#1535,#820,.T.);
#1968=EDGE_CURVE('',#1486,#1534,#821,.T.);
#1969=EDGE_CURVE('',#1536,#1487,#822,.T.);
#1970=EDGE_CURVE('',#1537,#1488,#823,.T.);
#1971=EDGE_CURVE('',#1538,#1489,#824,.T.);
#1972=EDGE_CURVE('',#1539,#1490,#825,.T.);
#1973=EDGE_CURVE('',#1540,#1491,#826,.T.);
#1974=EDGE_CURVE('',#1541,#1492,#827,.T.);
#1975=EDGE_CURVE('',#1542,#1493,#828,.T.);
#1976=EDGE_CURVE('',#1543,#1494,#829,.T.);
#1977=EDGE_CURVE('',#1544,#1495,#830,.T.);
#1978=EDGE_CURVE('',#1545,#1496,#831,.T.);
#1979=EDGE_CURVE('',#1546,#1497,#832,.T.);
#1980=EDGE_CURVE('',#1499,#1548,#833,.T.);
#1981=EDGE_CURVE('',#1498,#1547,#834,.T.);
#1982=EDGE_CURVE('',#1500,#1550,#835,.T.);
#1983=EDGE_CURVE('',#1501,#1549,#836,.T.);
#1984=EDGE_CURVE('',#1551,#1502,#837,.T.);
#1985=EDGE_CURVE('',#1552,#1503,#838,.T.);
#1986=EDGE_CURVE('',#1553,#1504,#839,.T.);
#1987=EDGE_CURVE('',#1554,#1505,#840,.T.);
#1988=EDGE_CURVE('',#1555,#1506,#841,.T.);
#1989=EDGE_CURVE('',#1556,#1507,#842,.T.);
#1990=EDGE_CURVE('',#1557,#1508,#843,.T.);
#1991=EDGE_CURVE('',#1558,#1509,#844,.T.);
#1992=EDGE_CURVE('',#1559,#1510,#845,.T.);
#1993=EDGE_CURVE('',#1560,#1511,#846,.T.);
#1994=EDGE_CURVE('',#1561,#1512,#847,.T.);
#1995=EDGE_CURVE('',#1562,#1513,#848,.T.);
#1996=EDGE_CURVE('',#1563,#1514,#849,.T.);
#1997=EDGE_CURVE('',#1564,#1515,#850,.T.);
#1998=EDGE_CURVE('',#1565,#1516,#851,.T.);
#1999=EDGE_CURVE('',#1566,#1517,#852,.T.);
#2000=EDGE_CURVE('',#1567,#1518,#853,.T.);
#2001=EDGE_CURVE('',#1568,#1519,#854,.T.);
#2002=EDGE_CURVE('',#1569,#1520,#855,.T.);
#2003=EDGE_CURVE('',#1570,#1521,#856,.T.);
#2004=EDGE_CURVE('',#1571,#1522,#857,.T.);
#2005=EDGE_CURVE('',#1572,#1523,#858,.T.);
#2006=EDGE_CURVE('',#1573,#1573,#1288,.T.);
#2007=EDGE_CURVE('',#1573,#1574,#1289,.T.);
#2008=EDGE_CURVE('',#1574,#1575,#1290,.T.);
#2009=EDGE_CURVE('',#1575,#1574,#1291,.T.);
#2010=EDGE_CURVE('',#1576,#1576,#1292,.T.);
#2011=EDGE_CURVE('',#1576,#1573,#859,.T.);
#2012=EDGE_CURVE('',#1575,#1577,#1293,.T.);
#2013=EDGE_CURVE('',#1577,#1578,#1294,.T.);
#2014=EDGE_CURVE('',#1578,#1577,#1295,.T.);
#2015=EDGE_CURVE('',#1579,#1579,#1296,.T.);
#2016=EDGE_CURVE('',#1579,#1578,#860,.T.);
#2017=EDGE_CURVE('',#1580,#1580,#1297,.T.);
#2018=EDGE_CURVE('',#1580,#1581,#861,.T.);
#2019=EDGE_CURVE('',#1581,#1581,#1298,.T.);
#2020=EDGE_CURVE('',#1582,#1582,#1299,.T.);
#2021=EDGE_CURVE('',#1582,#1579,#1300,.T.);
#2022=EDGE_CURVE('',#1583,#1584,#862,.T.);
#2023=EDGE_CURVE('',#1584,#1583,#1301,.T.);
#2024=EDGE_CURVE('',#1584,#1585,#863,.T.);
#2025=EDGE_CURVE('',#1585,#1586,#864,.T.);
#2026=EDGE_CURVE('',#1583,#1586,#865,.T.);
#2027=EDGE_CURVE('',#1587,#1587,#1302,.T.);
#2028=EDGE_CURVE('',#1587,#1588,#866,.T.);
#2029=EDGE_CURVE('',#1588,#1585,#1303,.T.);
#2030=EDGE_CURVE('',#1586,#1588,#1304,.T.);
#2031=ORIENTED_EDGE('',*,*,#1589,.T.);
#2032=ORIENTED_EDGE('',*,*,#1590,.T.);
#2033=ORIENTED_EDGE('',*,*,#1591,.T.);
#2034=ORIENTED_EDGE('',*,*,#1592,.T.);
#2035=ORIENTED_EDGE('',*,*,#1591,.F.);
#2036=ORIENTED_EDGE('',*,*,#1593,.T.);
#2037=ORIENTED_EDGE('',*,*,#1594,.T.);
#2038=ORIENTED_EDGE('',*,*,#1595,.T.);
#2039=ORIENTED_EDGE('',*,*,#1596,.T.);
#2040=ORIENTED_EDGE('',*,*,#1597,.T.);
#2041=ORIENTED_EDGE('',*,*,#1594,.F.);
#2042=ORIENTED_EDGE('',*,*,#1598,.T.);
#2043=ORIENTED_EDGE('',*,*,#1596,.F.);
#2044=ORIENTED_EDGE('',*,*,#1599,.T.);
#2045=ORIENTED_EDGE('',*,*,#1600,.T.);
#2046=ORIENTED_EDGE('',*,*,#1601,.T.);
#2047=ORIENTED_EDGE('',*,*,#1602,.T.);
#2048=ORIENTED_EDGE('',*,*,#1603,.F.);
#2049=ORIENTED_EDGE('',*,*,#1600,.F.);
#2050=ORIENTED_EDGE('',*,*,#1604,.T.);
#2051=ORIENTED_EDGE('',*,*,#1602,.F.);
#2052=ORIENTED_EDGE('',*,*,#1605,.T.);
#2053=ORIENTED_EDGE('',*,*,#1606,.T.);
#2054=ORIENTED_EDGE('',*,*,#1607,.T.);
#2055=ORIENTED_EDGE('',*,*,#1606,.F.);
#2056=ORIENTED_EDGE('',*,*,#1608,.T.);
#2057=ORIENTED_EDGE('',*,*,#1609,.T.);
#2058=ORIENTED_EDGE('',*,*,#1610,.T.);
#2059=ORIENTED_EDGE('',*,*,#1609,.F.);
#2060=ORIENTED_EDGE('',*,*,#1611,.T.);
#2061=ORIENTED_EDGE('',*,*,#1612,.T.);
#2062=ORIENTED_EDGE('',*,*,#1613,.T.);
#2063=ORIENTED_EDGE('',*,*,#1614,.T.);
#2064=ORIENTED_EDGE('',*,*,#1615,.F.);
#2065=ORIENTED_EDGE('',*,*,#1612,.F.);
#2066=ORIENTED_EDGE('',*,*,#1616,.T.);
#2067=ORIENTED_EDGE('',*,*,#1614,.F.);
#2068=ORIENTED_EDGE('',*,*,#1617,.T.);
#2069=ORIENTED_EDGE('',*,*,#1618,.T.);
#2070=ORIENTED_EDGE('',*,*,#1619,.T.);
#2071=ORIENTED_EDGE('',*,*,#1618,.F.);
#2072=ORIENTED_EDGE('',*,*,#1620,.T.);
#2073=ORIENTED_EDGE('',*,*,#1621,.T.);
#2074=ORIENTED_EDGE('',*,*,#1622,.T.);
#2075=ORIENTED_EDGE('',*,*,#1621,.F.);
#2076=ORIENTED_EDGE('',*,*,#1623,.T.);
#2077=ORIENTED_EDGE('',*,*,#1624,.T.);
#2078=ORIENTED_EDGE('',*,*,#1625,.T.);
#2079=ORIENTED_EDGE('',*,*,#1626,.T.);
#2080=ORIENTED_EDGE('',*,*,#1627,.F.);
#2081=ORIENTED_EDGE('',*,*,#1624,.F.);
#2082=ORIENTED_EDGE('',*,*,#1628,.T.);
#2083=ORIENTED_EDGE('',*,*,#1626,.F.);
#2084=ORIENTED_EDGE('',*,*,#1629,.T.);
#2085=ORIENTED_EDGE('',*,*,#1630,.T.);
#2086=ORIENTED_EDGE('',*,*,#1631,.T.);
#2087=ORIENTED_EDGE('',*,*,#1630,.F.);
#2088=ORIENTED_EDGE('',*,*,#1632,.T.);
#2089=ORIENTED_EDGE('',*,*,#1633,.T.);
#2090=ORIENTED_EDGE('',*,*,#1634,.T.);
#2091=ORIENTED_EDGE('',*,*,#1633,.F.);
#2092=ORIENTED_EDGE('',*,*,#1635,.T.);
#2093=ORIENTED_EDGE('',*,*,#1636,.T.);
#2094=ORIENTED_EDGE('',*,*,#1637,.T.);
#2095=ORIENTED_EDGE('',*,*,#1638,.T.);
#2096=ORIENTED_EDGE('',*,*,#1639,.F.);
#2097=ORIENTED_EDGE('',*,*,#1636,.F.);
#2098=ORIENTED_EDGE('',*,*,#1640,.T.);
#2099=ORIENTED_EDGE('',*,*,#1638,.F.);
#2100=ORIENTED_EDGE('',*,*,#1641,.T.);
#2101=ORIENTED_EDGE('',*,*,#1642,.T.);
#2102=ORIENTED_EDGE('',*,*,#1643,.T.);
#2103=ORIENTED_EDGE('',*,*,#1642,.F.);
#2104=ORIENTED_EDGE('',*,*,#1644,.T.);
#2105=ORIENTED_EDGE('',*,*,#1645,.T.);
#2106=ORIENTED_EDGE('',*,*,#1646,.F.);
#2107=ORIENTED_EDGE('',*,*,#1645,.F.);
#2108=ORIENTED_EDGE('',*,*,#1647,.T.);
#2109=ORIENTED_EDGE('',*,*,#1589,.F.);
#2110=ORIENTED_EDGE('',*,*,#1648,.T.);
#2111=ORIENTED_EDGE('',*,*,#1590,.F.);
#2112=ORIENTED_EDGE('',*,*,#1647,.F.);
#2113=ORIENTED_EDGE('',*,*,#1644,.F.);
#2114=ORIENTED_EDGE('',*,*,#1641,.F.);
#2115=ORIENTED_EDGE('',*,*,#1640,.F.);
#2116=ORIENTED_EDGE('',*,*,#1635,.F.);
#2117=ORIENTED_EDGE('',*,*,#1632,.F.);
#2118=ORIENTED_EDGE('',*,*,#1629,.F.);
#2119=ORIENTED_EDGE('',*,*,#1628,.F.);
#2120=ORIENTED_EDGE('',*,*,#1623,.F.);
#2121=ORIENTED_EDGE('',*,*,#1620,.F.);
#2122=ORIENTED_EDGE('',*,*,#1617,.F.);
#2123=ORIENTED_EDGE('',*,*,#1616,.F.);
#2124=ORIENTED_EDGE('',*,*,#1611,.F.);
#2125=ORIENTED_EDGE('',*,*,#1608,.F.);
#2126=ORIENTED_EDGE('',*,*,#1605,.F.);
#2127=ORIENTED_EDGE('',*,*,#1604,.F.);
#2128=ORIENTED_EDGE('',*,*,#1599,.F.);
#2129=ORIENTED_EDGE('',*,*,#1598,.F.);
#2130=ORIENTED_EDGE('',*,*,#1593,.F.);
#2131=ORIENTED_EDGE('',*,*,#1649,.T.);
#2132=ORIENTED_EDGE('',*,*,#1650,.T.);
#2133=ORIENTED_EDGE('',*,*,#1651,.T.);
#2134=ORIENTED_EDGE('',*,*,#1652,.T.);
#2135=ORIENTED_EDGE('',*,*,#1653,.T.);
#2136=ORIENTED_EDGE('',*,*,#1650,.F.);
#2137=ORIENTED_EDGE('',*,*,#1654,.T.);
#2138=ORIENTED_EDGE('',*,*,#1655,.F.);
#2139=ORIENTED_EDGE('',*,*,#1656,.F.);
#2140=ORIENTED_EDGE('',*,*,#1653,.F.);
#2141=ORIENTED_EDGE('',*,*,#1657,.T.);
#2142=ORIENTED_EDGE('',*,*,#1658,.F.);
#2143=ORIENTED_EDGE('',*,*,#1654,.F.);
#2144=ORIENTED_EDGE('',*,*,#1652,.F.);
#2145=ORIENTED_EDGE('',*,*,#1659,.T.);
#2146=ORIENTED_EDGE('',*,*,#1660,.F.);
#2147=ORIENTED_EDGE('',*,*,#1657,.F.);
#2148=ORIENTED_EDGE('',*,*,#1651,.F.);
#2149=ORIENTED_EDGE('',*,*,#1656,.T.);
#2150=ORIENTED_EDGE('',*,*,#1661,.F.);
#2151=ORIENTED_EDGE('',*,*,#1659,.F.);
#2152=ORIENTED_EDGE('',*,*,#1649,.F.);
#2153=ORIENTED_EDGE('',*,*,#1662,.T.);
#2154=ORIENTED_EDGE('',*,*,#1663,.F.);
#2155=ORIENTED_EDGE('',*,*,#1662,.F.);
#2156=ORIENTED_EDGE('',*,*,#1595,.F.);
#2157=ORIENTED_EDGE('',*,*,#1597,.F.);
#2158=ORIENTED_EDGE('',*,*,#1601,.F.);
#2159=ORIENTED_EDGE('',*,*,#1603,.T.);
#2160=ORIENTED_EDGE('',*,*,#1607,.F.);
#2161=ORIENTED_EDGE('',*,*,#1610,.F.);
#2162=ORIENTED_EDGE('',*,*,#1613,.F.);
#2163=ORIENTED_EDGE('',*,*,#1615,.T.);
#2164=ORIENTED_EDGE('',*,*,#1619,.F.);
#2165=ORIENTED_EDGE('',*,*,#1622,.F.);
#2166=ORIENTED_EDGE('',*,*,#1625,.F.);
#2167=ORIENTED_EDGE('',*,*,#1627,.T.);
#2168=ORIENTED_EDGE('',*,*,#1631,.F.);
#2169=ORIENTED_EDGE('',*,*,#1634,.F.);
#2170=ORIENTED_EDGE('',*,*,#1637,.F.);
#2171=ORIENTED_EDGE('',*,*,#1639,.T.);
#2172=ORIENTED_EDGE('',*,*,#1643,.F.);
#2173=ORIENTED_EDGE('',*,*,#1646,.T.);
#2174=ORIENTED_EDGE('',*,*,#1648,.F.);
#2175=ORIENTED_EDGE('',*,*,#1592,.F.);
#2176=ORIENTED_EDGE('',*,*,#1655,.T.);
#2177=ORIENTED_EDGE('',*,*,#1658,.T.);
#2178=ORIENTED_EDGE('',*,*,#1660,.T.);
#2179=ORIENTED_EDGE('',*,*,#1661,.T.);
#2180=ORIENTED_EDGE('',*,*,#1663,.T.);
#2181=ORIENTED_EDGE('',*,*,#1664,.T.);
#2182=ORIENTED_EDGE('',*,*,#1665,.T.);
#2183=ORIENTED_EDGE('',*,*,#1666,.T.);
#2184=ORIENTED_EDGE('',*,*,#1667,.T.);
#2185=ORIENTED_EDGE('',*,*,#1668,.T.);
#2186=ORIENTED_EDGE('',*,*,#1669,.T.);
#2187=ORIENTED_EDGE('',*,*,#1670,.T.);
#2188=ORIENTED_EDGE('',*,*,#1671,.T.);
#2189=ORIENTED_EDGE('',*,*,#1666,.F.);
#2190=ORIENTED_EDGE('',*,*,#1672,.T.);
#2191=ORIENTED_EDGE('',*,*,#1673,.T.);
#2192=ORIENTED_EDGE('',*,*,#1674,.T.);
#2193=ORIENTED_EDGE('',*,*,#1668,.F.);
#2194=ORIENTED_EDGE('',*,*,#1675,.T.);
#2195=ORIENTED_EDGE('',*,*,#1676,.T.);
#2196=ORIENTED_EDGE('',*,*,#1677,.T.);
#2197=ORIENTED_EDGE('',*,*,#1673,.F.);
#2198=ORIENTED_EDGE('',*,*,#1678,.T.);
#2199=ORIENTED_EDGE('',*,*,#1679,.T.);
#2200=ORIENTED_EDGE('',*,*,#1680,.T.);
#2201=ORIENTED_EDGE('',*,*,#1676,.F.);
#2202=ORIENTED_EDGE('',*,*,#1681,.T.);
#2203=ORIENTED_EDGE('',*,*,#1682,.T.);
#2204=ORIENTED_EDGE('',*,*,#1683,.T.);
#2205=ORIENTED_EDGE('',*,*,#1679,.F.);
#2206=ORIENTED_EDGE('',*,*,#1684,.T.);
#2207=ORIENTED_EDGE('',*,*,#1685,.T.);
#2208=ORIENTED_EDGE('',*,*,#1686,.T.);
#2209=ORIENTED_EDGE('',*,*,#1682,.F.);
#2210=ORIENTED_EDGE('',*,*,#1687,.T.);
#2211=ORIENTED_EDGE('',*,*,#1688,.T.);
#2212=ORIENTED_EDGE('',*,*,#1689,.T.);
#2213=ORIENTED_EDGE('',*,*,#1685,.F.);
#2214=ORIENTED_EDGE('',*,*,#1690,.T.);
#2215=ORIENTED_EDGE('',*,*,#1691,.T.);
#2216=ORIENTED_EDGE('',*,*,#1692,.T.);
#2217=ORIENTED_EDGE('',*,*,#1688,.F.);
#2218=ORIENTED_EDGE('',*,*,#1693,.T.);
#2219=ORIENTED_EDGE('',*,*,#1694,.T.);
#2220=ORIENTED_EDGE('',*,*,#1695,.T.);
#2221=ORIENTED_EDGE('',*,*,#1691,.F.);
#2222=ORIENTED_EDGE('',*,*,#1696,.T.);
#2223=ORIENTED_EDGE('',*,*,#1697,.T.);
#2224=ORIENTED_EDGE('',*,*,#1698,.T.);
#2225=ORIENTED_EDGE('',*,*,#1694,.F.);
#2226=ORIENTED_EDGE('',*,*,#1699,.T.);
#2227=ORIENTED_EDGE('',*,*,#1700,.T.);
#2228=ORIENTED_EDGE('',*,*,#1701,.T.);
#2229=ORIENTED_EDGE('',*,*,#1697,.F.);
#2230=ORIENTED_EDGE('',*,*,#1702,.T.);
#2231=ORIENTED_EDGE('',*,*,#1703,.T.);
#2232=ORIENTED_EDGE('',*,*,#1704,.T.);
#2233=ORIENTED_EDGE('',*,*,#1700,.F.);
#2234=ORIENTED_EDGE('',*,*,#1705,.T.);
#2235=ORIENTED_EDGE('',*,*,#1706,.T.);
#2236=ORIENTED_EDGE('',*,*,#1707,.T.);
#2237=ORIENTED_EDGE('',*,*,#1703,.F.);
#2238=ORIENTED_EDGE('',*,*,#1708,.T.);
#2239=ORIENTED_EDGE('',*,*,#1709,.T.);
#2240=ORIENTED_EDGE('',*,*,#1710,.T.);
#2241=ORIENTED_EDGE('',*,*,#1706,.F.);
#2242=ORIENTED_EDGE('',*,*,#1711,.T.);
#2243=ORIENTED_EDGE('',*,*,#1712,.T.);
#2244=ORIENTED_EDGE('',*,*,#1713,.T.);
#2245=ORIENTED_EDGE('',*,*,#1709,.F.);
#2246=ORIENTED_EDGE('',*,*,#1714,.T.);
#2247=ORIENTED_EDGE('',*,*,#1715,.T.);
#2248=ORIENTED_EDGE('',*,*,#1716,.T.);
#2249=ORIENTED_EDGE('',*,*,#1712,.F.);
#2250=ORIENTED_EDGE('',*,*,#1717,.T.);
#2251=ORIENTED_EDGE('',*,*,#1718,.T.);
#2252=ORIENTED_EDGE('',*,*,#1719,.T.);
#2253=ORIENTED_EDGE('',*,*,#1715,.F.);
#2254=ORIENTED_EDGE('',*,*,#1720,.T.);
#2255=ORIENTED_EDGE('',*,*,#1721,.T.);
#2256=ORIENTED_EDGE('',*,*,#1722,.T.);
#2257=ORIENTED_EDGE('',*,*,#1718,.F.);
#2258=ORIENTED_EDGE('',*,*,#1723,.T.);
#2259=ORIENTED_EDGE('',*,*,#1664,.F.);
#2260=ORIENTED_EDGE('',*,*,#1724,.T.);
#2261=ORIENTED_EDGE('',*,*,#1721,.F.);
#2262=ORIENTED_EDGE('',*,*,#1725,.T.);
#2263=ORIENTED_EDGE('',*,*,#1707,.F.);
#2264=ORIENTED_EDGE('',*,*,#1726,.F.);
#2265=ORIENTED_EDGE('',*,*,#1727,.F.);
#2266=ORIENTED_EDGE('',*,*,#1728,.F.);
#2267=ORIENTED_EDGE('',*,*,#1710,.F.);
#2268=ORIENTED_EDGE('',*,*,#1729,.T.);
#2269=ORIENTED_EDGE('',*,*,#1730,.T.);
#2270=ORIENTED_EDGE('',*,*,#1726,.T.);
#2271=ORIENTED_EDGE('',*,*,#1713,.F.);
#2272=ORIENTED_EDGE('',*,*,#1731,.F.);
#2273=ORIENTED_EDGE('',*,*,#1732,.F.);
#2274=ORIENTED_EDGE('',*,*,#1729,.F.);
#2275=ORIENTED_EDGE('',*,*,#1716,.F.);
#2276=ORIENTED_EDGE('',*,*,#1733,.T.);
#2277=ORIENTED_EDGE('',*,*,#1734,.T.);
#2278=ORIENTED_EDGE('',*,*,#1731,.T.);
#2279=ORIENTED_EDGE('',*,*,#1719,.F.);
#2280=ORIENTED_EDGE('',*,*,#1735,.F.);
#2281=ORIENTED_EDGE('',*,*,#1736,.F.);
#2282=ORIENTED_EDGE('',*,*,#1733,.F.);
#2283=ORIENTED_EDGE('',*,*,#1722,.F.);
#2284=ORIENTED_EDGE('',*,*,#1737,.T.);
#2285=ORIENTED_EDGE('',*,*,#1738,.T.);
#2286=ORIENTED_EDGE('',*,*,#1735,.T.);
#2287=ORIENTED_EDGE('',*,*,#1724,.F.);
#2288=ORIENTED_EDGE('',*,*,#1739,.F.);
#2289=ORIENTED_EDGE('',*,*,#1740,.F.);
#2290=ORIENTED_EDGE('',*,*,#1737,.F.);
#2291=ORIENTED_EDGE('',*,*,#1667,.F.);
#2292=ORIENTED_EDGE('',*,*,#1741,.T.);
#2293=ORIENTED_EDGE('',*,*,#1742,.T.);
#2294=ORIENTED_EDGE('',*,*,#1739,.T.);
#2295=ORIENTED_EDGE('',*,*,#1671,.F.);
#2296=ORIENTED_EDGE('',*,*,#1743,.F.);
#2297=ORIENTED_EDGE('',*,*,#1744,.F.);
#2298=ORIENTED_EDGE('',*,*,#1745,.F.);
#2299=ORIENTED_EDGE('',*,*,#1746,.T.);
#2300=ORIENTED_EDGE('',*,*,#1747,.F.);
#2301=ORIENTED_EDGE('',*,*,#1748,.F.);
#2302=ORIENTED_EDGE('',*,*,#1749,.F.);
#2303=ORIENTED_EDGE('',*,*,#1669,.F.);
#2304=ORIENTED_EDGE('',*,*,#1750,.F.);
#2305=ORIENTED_EDGE('',*,*,#1751,.F.);
#2306=ORIENTED_EDGE('',*,*,#1741,.F.);
#2307=ORIENTED_EDGE('',*,*,#1665,.F.);
#2308=ORIENTED_EDGE('',*,*,#1725,.F.);
#2309=ORIENTED_EDGE('',*,*,#1723,.F.);
#2310=ORIENTED_EDGE('',*,*,#1720,.F.);
#2311=ORIENTED_EDGE('',*,*,#1717,.F.);
#2312=ORIENTED_EDGE('',*,*,#1714,.F.);
#2313=ORIENTED_EDGE('',*,*,#1711,.F.);
#2314=ORIENTED_EDGE('',*,*,#1708,.F.);
#2315=ORIENTED_EDGE('',*,*,#1705,.F.);
#2316=ORIENTED_EDGE('',*,*,#1702,.F.);
#2317=ORIENTED_EDGE('',*,*,#1699,.F.);
#2318=ORIENTED_EDGE('',*,*,#1696,.F.);
#2319=ORIENTED_EDGE('',*,*,#1693,.F.);
#2320=ORIENTED_EDGE('',*,*,#1690,.F.);
#2321=ORIENTED_EDGE('',*,*,#1687,.F.);
#2322=ORIENTED_EDGE('',*,*,#1684,.F.);
#2323=ORIENTED_EDGE('',*,*,#1681,.F.);
#2324=ORIENTED_EDGE('',*,*,#1678,.F.);
#2325=ORIENTED_EDGE('',*,*,#1675,.F.);
#2326=ORIENTED_EDGE('',*,*,#1672,.F.);
#2327=ORIENTED_EDGE('',*,*,#1734,.F.);
#2328=ORIENTED_EDGE('',*,*,#1736,.T.);
#2329=ORIENTED_EDGE('',*,*,#1738,.F.);
#2330=ORIENTED_EDGE('',*,*,#1740,.T.);
#2331=ORIENTED_EDGE('',*,*,#1742,.F.);
#2332=ORIENTED_EDGE('',*,*,#1751,.T.);
#2333=ORIENTED_EDGE('',*,*,#1752,.F.);
#2334=ORIENTED_EDGE('',*,*,#1753,.T.);
#2335=ORIENTED_EDGE('',*,*,#1754,.F.);
#2336=ORIENTED_EDGE('',*,*,#1755,.T.);
#2337=ORIENTED_EDGE('',*,*,#1756,.F.);
#2338=ORIENTED_EDGE('',*,*,#1757,.T.);
#2339=ORIENTED_EDGE('',*,*,#1758,.F.);
#2340=ORIENTED_EDGE('',*,*,#1759,.T.);
#2341=ORIENTED_EDGE('',*,*,#1760,.F.);
#2342=ORIENTED_EDGE('',*,*,#1761,.T.);
#2343=ORIENTED_EDGE('',*,*,#1762,.F.);
#2344=ORIENTED_EDGE('',*,*,#1727,.T.);
#2345=ORIENTED_EDGE('',*,*,#1730,.F.);
#2346=ORIENTED_EDGE('',*,*,#1732,.T.);
#2347=ORIENTED_EDGE('',*,*,#1763,.T.);
#2348=ORIENTED_EDGE('',*,*,#1764,.T.);
#2349=ORIENTED_EDGE('',*,*,#1765,.T.);
#2350=ORIENTED_EDGE('',*,*,#1766,.T.);
#2351=ORIENTED_EDGE('',*,*,#1767,.T.);
#2352=ORIENTED_EDGE('',*,*,#1768,.T.);
#2353=ORIENTED_EDGE('',*,*,#1698,.F.);
#2354=ORIENTED_EDGE('',*,*,#1769,.T.);
#2355=ORIENTED_EDGE('',*,*,#1760,.T.);
#2356=ORIENTED_EDGE('',*,*,#1770,.T.);
#2357=ORIENTED_EDGE('',*,*,#1701,.F.);
#2358=ORIENTED_EDGE('',*,*,#1771,.F.);
#2359=ORIENTED_EDGE('',*,*,#1761,.F.);
#2360=ORIENTED_EDGE('',*,*,#1769,.F.);
#2361=ORIENTED_EDGE('',*,*,#1704,.F.);
#2362=ORIENTED_EDGE('',*,*,#1728,.T.);
#2363=ORIENTED_EDGE('',*,*,#1762,.T.);
#2364=ORIENTED_EDGE('',*,*,#1771,.T.);
#2365=ORIENTED_EDGE('',*,*,#1692,.F.);
#2366=ORIENTED_EDGE('',*,*,#1772,.T.);
#2367=ORIENTED_EDGE('',*,*,#1758,.T.);
#2368=ORIENTED_EDGE('',*,*,#1773,.T.);
#2369=ORIENTED_EDGE('',*,*,#1689,.F.);
#2370=ORIENTED_EDGE('',*,*,#1773,.F.);
#2371=ORIENTED_EDGE('',*,*,#1757,.F.);
#2372=ORIENTED_EDGE('',*,*,#1774,.F.);
#2373=ORIENTED_EDGE('',*,*,#1686,.F.);
#2374=ORIENTED_EDGE('',*,*,#1774,.T.);
#2375=ORIENTED_EDGE('',*,*,#1756,.T.);
#2376=ORIENTED_EDGE('',*,*,#1775,.T.);
#2377=ORIENTED_EDGE('',*,*,#1683,.F.);
#2378=ORIENTED_EDGE('',*,*,#1775,.F.);
#2379=ORIENTED_EDGE('',*,*,#1755,.F.);
#2380=ORIENTED_EDGE('',*,*,#1776,.F.);
#2381=ORIENTED_EDGE('',*,*,#1680,.F.);
#2382=ORIENTED_EDGE('',*,*,#1776,.T.);
#2383=ORIENTED_EDGE('',*,*,#1754,.T.);
#2384=ORIENTED_EDGE('',*,*,#1777,.T.);
#2385=ORIENTED_EDGE('',*,*,#1677,.F.);
#2386=ORIENTED_EDGE('',*,*,#1777,.F.);
#2387=ORIENTED_EDGE('',*,*,#1753,.F.);
#2388=ORIENTED_EDGE('',*,*,#1778,.F.);
#2389=ORIENTED_EDGE('',*,*,#1674,.F.);
#2390=ORIENTED_EDGE('',*,*,#1778,.T.);
#2391=ORIENTED_EDGE('',*,*,#1752,.T.);
#2392=ORIENTED_EDGE('',*,*,#1750,.T.);
#2393=ORIENTED_EDGE('',*,*,#1779,.T.);
#2394=ORIENTED_EDGE('',*,*,#1780,.T.);
#2395=ORIENTED_EDGE('',*,*,#1781,.T.);
#2396=ORIENTED_EDGE('',*,*,#1782,.T.);
#2397=ORIENTED_EDGE('',*,*,#1749,.T.);
#2398=ORIENTED_EDGE('',*,*,#1783,.T.);
#2399=ORIENTED_EDGE('',*,*,#1779,.F.);
#2400=ORIENTED_EDGE('',*,*,#1784,.T.);
#2401=ORIENTED_EDGE('',*,*,#1784,.F.);
#2402=ORIENTED_EDGE('',*,*,#1782,.F.);
#2403=ORIENTED_EDGE('',*,*,#1785,.T.);
#2404=ORIENTED_EDGE('',*,*,#1786,.T.);
#2405=ORIENTED_EDGE('',*,*,#1787,.T.);
#2406=ORIENTED_EDGE('',*,*,#1788,.T.);
#2407=ORIENTED_EDGE('',*,*,#1789,.T.);
#2408=ORIENTED_EDGE('',*,*,#1790,.T.);
#2409=ORIENTED_EDGE('',*,*,#1791,.T.);
#2410=ORIENTED_EDGE('',*,*,#1792,.F.);
#2411=ORIENTED_EDGE('',*,*,#1793,.F.);
#2412=ORIENTED_EDGE('',*,*,#1670,.F.);
#2413=ORIENTED_EDGE('',*,*,#1794,.T.);
#2414=ORIENTED_EDGE('',*,*,#1795,.T.);
#2415=ORIENTED_EDGE('',*,*,#1747,.T.);
#2416=ORIENTED_EDGE('',*,*,#1796,.T.);
#2417=ORIENTED_EDGE('',*,*,#1797,.T.);
#2418=ORIENTED_EDGE('',*,*,#1798,.T.);
#2419=ORIENTED_EDGE('',*,*,#1794,.F.);
#2420=ORIENTED_EDGE('',*,*,#1799,.T.);
#2421=ORIENTED_EDGE('',*,*,#1799,.F.);
#2422=ORIENTED_EDGE('',*,*,#1796,.F.);
#2423=ORIENTED_EDGE('',*,*,#1746,.F.);
#2424=ORIENTED_EDGE('',*,*,#1800,.F.);
#2425=ORIENTED_EDGE('',*,*,#1801,.F.);
#2426=ORIENTED_EDGE('',*,*,#1802,.F.);
#2427=ORIENTED_EDGE('',*,*,#1803,.T.);
#2428=ORIENTED_EDGE('',*,*,#1804,.T.);
#2429=ORIENTED_EDGE('',*,*,#1805,.T.);
#2430=ORIENTED_EDGE('',*,*,#1801,.T.);
#2431=ORIENTED_EDGE('',*,*,#1745,.T.);
#2432=ORIENTED_EDGE('',*,*,#1806,.T.);
#2433=ORIENTED_EDGE('',*,*,#1803,.F.);
#2434=ORIENTED_EDGE('',*,*,#1800,.T.);
#2435=ORIENTED_EDGE('',*,*,#1807,.T.);
#2436=ORIENTED_EDGE('',*,*,#1808,.T.);
#2437=ORIENTED_EDGE('',*,*,#1743,.T.);
#2438=ORIENTED_EDGE('',*,*,#1793,.T.);
#2439=ORIENTED_EDGE('',*,*,#1809,.T.);
#2440=ORIENTED_EDGE('',*,*,#1810,.T.);
#2441=ORIENTED_EDGE('',*,*,#1807,.F.);
#2442=ORIENTED_EDGE('',*,*,#1792,.T.);
#2443=ORIENTED_EDGE('',*,*,#1783,.F.);
#2444=ORIENTED_EDGE('',*,*,#1748,.T.);
#2445=ORIENTED_EDGE('',*,*,#1795,.F.);
#2446=ORIENTED_EDGE('',*,*,#1811,.T.);
#2447=ORIENTED_EDGE('',*,*,#1780,.F.);
#2448=ORIENTED_EDGE('',*,*,#1811,.F.);
#2449=ORIENTED_EDGE('',*,*,#1798,.F.);
#2450=ORIENTED_EDGE('',*,*,#1812,.F.);
#2451=ORIENTED_EDGE('',*,*,#1806,.F.);
#2452=ORIENTED_EDGE('',*,*,#1744,.T.);
#2453=ORIENTED_EDGE('',*,*,#1808,.F.);
#2454=ORIENTED_EDGE('',*,*,#1813,.T.);
#2455=ORIENTED_EDGE('',*,*,#1804,.F.);
#2456=ORIENTED_EDGE('',*,*,#1813,.F.);
#2457=ORIENTED_EDGE('',*,*,#1810,.F.);
#2458=ORIENTED_EDGE('',*,*,#1814,.F.);
#2459=ORIENTED_EDGE('',*,*,#1815,.F.);
#2460=ORIENTED_EDGE('',*,*,#1816,.T.);
#2461=ORIENTED_EDGE('',*,*,#1817,.F.);
#2462=ORIENTED_EDGE('',*,*,#1818,.F.);
#2463=ORIENTED_EDGE('',*,*,#1819,.F.);
#2464=ORIENTED_EDGE('',*,*,#1818,.T.);
#2465=ORIENTED_EDGE('',*,*,#1820,.F.);
#2466=ORIENTED_EDGE('',*,*,#1821,.F.);
#2467=ORIENTED_EDGE('',*,*,#1822,.T.);
#2468=ORIENTED_EDGE('',*,*,#1821,.T.);
#2469=ORIENTED_EDGE('',*,*,#1823,.F.);
#2470=ORIENTED_EDGE('',*,*,#1824,.F.);
#2471=ORIENTED_EDGE('',*,*,#1825,.F.);
#2472=ORIENTED_EDGE('',*,*,#1824,.T.);
#2473=ORIENTED_EDGE('',*,*,#1826,.F.);
#2474=ORIENTED_EDGE('',*,*,#1816,.F.);
#2475=ORIENTED_EDGE('',*,*,#1826,.T.);
#2476=ORIENTED_EDGE('',*,*,#1823,.T.);
#2477=ORIENTED_EDGE('',*,*,#1820,.T.);
#2478=ORIENTED_EDGE('',*,*,#1817,.T.);
#2479=ORIENTED_EDGE('',*,*,#1825,.T.);
#2480=ORIENTED_EDGE('',*,*,#1827,.F.);
#2481=ORIENTED_EDGE('',*,*,#1787,.F.);
#2482=ORIENTED_EDGE('',*,*,#1828,.T.);
#2483=ORIENTED_EDGE('',*,*,#1829,.F.);
#2484=ORIENTED_EDGE('',*,*,#1830,.F.);
#2485=ORIENTED_EDGE('',*,*,#1831,.F.);
#2486=ORIENTED_EDGE('',*,*,#1832,.F.);
#2487=ORIENTED_EDGE('',*,*,#1833,.F.);
#2488=ORIENTED_EDGE('',*,*,#1832,.T.);
#2489=ORIENTED_EDGE('',*,*,#1834,.F.);
#2490=ORIENTED_EDGE('',*,*,#1835,.F.);
#2491=ORIENTED_EDGE('',*,*,#1836,.F.);
#2492=ORIENTED_EDGE('',*,*,#1835,.T.);
#2493=ORIENTED_EDGE('',*,*,#1837,.F.);
#2494=ORIENTED_EDGE('',*,*,#1838,.F.);
#2495=ORIENTED_EDGE('',*,*,#1839,.F.);
#2496=ORIENTED_EDGE('',*,*,#1837,.T.);
#2497=ORIENTED_EDGE('',*,*,#1834,.T.);
#2498=ORIENTED_EDGE('',*,*,#1831,.T.);
#2499=ORIENTED_EDGE('',*,*,#1829,.T.);
#2500=ORIENTED_EDGE('',*,*,#1833,.T.);
#2501=ORIENTED_EDGE('',*,*,#1836,.T.);
#2502=ORIENTED_EDGE('',*,*,#1840,.F.);
#2503=ORIENTED_EDGE('',*,*,#1790,.F.);
#2504=ORIENTED_EDGE('',*,*,#1841,.T.);
#2505=ORIENTED_EDGE('',*,*,#1767,.F.);
#2506=ORIENTED_EDGE('',*,*,#1842,.F.);
#2507=ORIENTED_EDGE('',*,*,#1830,.T.);
#2508=ORIENTED_EDGE('',*,*,#1842,.T.);
#2509=ORIENTED_EDGE('',*,*,#1766,.F.);
#2510=ORIENTED_EDGE('',*,*,#1843,.F.);
#2511=ORIENTED_EDGE('',*,*,#1785,.F.);
#2512=ORIENTED_EDGE('',*,*,#1781,.F.);
#2513=ORIENTED_EDGE('',*,*,#1812,.T.);
#2514=ORIENTED_EDGE('',*,*,#1797,.F.);
#2515=ORIENTED_EDGE('',*,*,#1802,.T.);
#2516=ORIENTED_EDGE('',*,*,#1805,.F.);
#2517=ORIENTED_EDGE('',*,*,#1814,.T.);
#2518=ORIENTED_EDGE('',*,*,#1809,.F.);
#2519=ORIENTED_EDGE('',*,*,#1791,.F.);
#2520=ORIENTED_EDGE('',*,*,#1840,.T.);
#2521=ORIENTED_EDGE('',*,*,#1838,.T.);
#2522=ORIENTED_EDGE('',*,*,#1839,.T.);
#2523=ORIENTED_EDGE('',*,*,#1789,.F.);
#2524=ORIENTED_EDGE('',*,*,#1844,.T.);
#2525=ORIENTED_EDGE('',*,*,#1768,.F.);
#2526=ORIENTED_EDGE('',*,*,#1841,.F.);
#2527=ORIENTED_EDGE('',*,*,#1786,.F.);
#2528=ORIENTED_EDGE('',*,*,#1843,.T.);
#2529=ORIENTED_EDGE('',*,*,#1765,.F.);
#2530=ORIENTED_EDGE('',*,*,#1845,.F.);
#2531=ORIENTED_EDGE('',*,*,#1822,.F.);
#2532=ORIENTED_EDGE('',*,*,#1828,.F.);
#2533=ORIENTED_EDGE('',*,*,#1819,.T.);
#2534=ORIENTED_EDGE('',*,*,#1845,.T.);
#2535=ORIENTED_EDGE('',*,*,#1764,.F.);
#2536=ORIENTED_EDGE('',*,*,#1846,.F.);
#2537=ORIENTED_EDGE('',*,*,#1788,.F.);
#2538=ORIENTED_EDGE('',*,*,#1827,.T.);
#2539=ORIENTED_EDGE('',*,*,#1815,.T.);
#2540=ORIENTED_EDGE('',*,*,#1846,.T.);
#2541=ORIENTED_EDGE('',*,*,#1763,.F.);
#2542=ORIENTED_EDGE('',*,*,#1844,.F.);
#2543=ORIENTED_EDGE('',*,*,#1695,.F.);
#2544=ORIENTED_EDGE('',*,*,#1770,.F.);
#2545=ORIENTED_EDGE('',*,*,#1759,.F.);
#2546=ORIENTED_EDGE('',*,*,#1772,.F.);
#2547=ORIENTED_EDGE('',*,*,#1847,.T.);
#2548=ORIENTED_EDGE('',*,*,#1848,.T.);
#2549=ORIENTED_EDGE('',*,*,#1849,.F.);
#2550=ORIENTED_EDGE('',*,*,#1850,.F.);
#2551=ORIENTED_EDGE('',*,*,#1851,.T.);
#2552=ORIENTED_EDGE('',*,*,#1852,.T.);
#2553=ORIENTED_EDGE('',*,*,#1847,.F.);
#2554=ORIENTED_EDGE('',*,*,#1853,.F.);
#2555=ORIENTED_EDGE('',*,*,#1849,.T.);
#2556=ORIENTED_EDGE('',*,*,#1854,.T.);
#2557=ORIENTED_EDGE('',*,*,#1855,.F.);
#2558=ORIENTED_EDGE('',*,*,#1856,.F.);
#2559=ORIENTED_EDGE('',*,*,#1850,.T.);
#2560=ORIENTED_EDGE('',*,*,#1856,.T.);
#2561=ORIENTED_EDGE('',*,*,#1857,.T.);
#2562=ORIENTED_EDGE('',*,*,#1858,.T.);
#2563=ORIENTED_EDGE('',*,*,#1859,.T.);
#2564=ORIENTED_EDGE('',*,*,#1853,.T.);
#2565=ORIENTED_EDGE('',*,*,#1860,.F.);
#2566=ORIENTED_EDGE('',*,*,#1861,.F.);
#2567=ORIENTED_EDGE('',*,*,#1862,.F.);
#2568=ORIENTED_EDGE('',*,*,#1863,.F.);
#2569=ORIENTED_EDGE('',*,*,#1864,.F.);
#2570=ORIENTED_EDGE('',*,*,#1865,.F.);
#2571=ORIENTED_EDGE('',*,*,#1866,.F.);
#2572=ORIENTED_EDGE('',*,*,#1867,.F.);
#2573=ORIENTED_EDGE('',*,*,#1868,.F.);
#2574=ORIENTED_EDGE('',*,*,#1869,.F.);
#2575=ORIENTED_EDGE('',*,*,#1870,.F.);
#2576=ORIENTED_EDGE('',*,*,#1871,.F.);
#2577=ORIENTED_EDGE('',*,*,#1872,.F.);
#2578=ORIENTED_EDGE('',*,*,#1873,.F.);
#2579=ORIENTED_EDGE('',*,*,#1874,.F.);
#2580=ORIENTED_EDGE('',*,*,#1875,.F.);
#2581=ORIENTED_EDGE('',*,*,#1876,.F.);
#2582=ORIENTED_EDGE('',*,*,#1877,.F.);
#2583=ORIENTED_EDGE('',*,*,#1878,.F.);
#2584=ORIENTED_EDGE('',*,*,#1879,.F.);
#2585=ORIENTED_EDGE('',*,*,#1880,.F.);
#2586=ORIENTED_EDGE('',*,*,#1881,.F.);
#2587=ORIENTED_EDGE('',*,*,#1882,.F.);
#2588=ORIENTED_EDGE('',*,*,#1883,.F.);
#2589=ORIENTED_EDGE('',*,*,#1884,.F.);
#2590=ORIENTED_EDGE('',*,*,#1885,.F.);
#2591=ORIENTED_EDGE('',*,*,#1886,.F.);
#2592=ORIENTED_EDGE('',*,*,#1887,.F.);
#2593=ORIENTED_EDGE('',*,*,#1888,.F.);
#2594=ORIENTED_EDGE('',*,*,#1889,.F.);
#2595=ORIENTED_EDGE('',*,*,#1890,.F.);
#2596=ORIENTED_EDGE('',*,*,#1891,.F.);
#2597=ORIENTED_EDGE('',*,*,#1892,.F.);
#2598=ORIENTED_EDGE('',*,*,#1893,.F.);
#2599=ORIENTED_EDGE('',*,*,#1894,.F.);
#2600=ORIENTED_EDGE('',*,*,#1895,.F.);
#2601=ORIENTED_EDGE('',*,*,#1896,.F.);
#2602=ORIENTED_EDGE('',*,*,#1897,.F.);
#2603=ORIENTED_EDGE('',*,*,#1898,.F.);
#2604=ORIENTED_EDGE('',*,*,#1899,.F.);
#2605=ORIENTED_EDGE('',*,*,#1900,.F.);
#2606=ORIENTED_EDGE('',*,*,#1901,.F.);
#2607=ORIENTED_EDGE('',*,*,#1902,.F.);
#2608=ORIENTED_EDGE('',*,*,#1903,.F.);
#2609=ORIENTED_EDGE('',*,*,#1904,.F.);
#2610=ORIENTED_EDGE('',*,*,#1905,.F.);
#2611=ORIENTED_EDGE('',*,*,#1906,.F.);
#2612=ORIENTED_EDGE('',*,*,#1848,.F.);
#2613=ORIENTED_EDGE('',*,*,#1852,.F.);
#2614=ORIENTED_EDGE('',*,*,#1907,.F.);
#2615=ORIENTED_EDGE('',*,*,#1908,.F.);
#2616=ORIENTED_EDGE('',*,*,#1909,.F.);
#2617=ORIENTED_EDGE('',*,*,#1854,.F.);
#2618=ORIENTED_EDGE('',*,*,#1910,.T.);
#2619=ORIENTED_EDGE('',*,*,#1911,.T.);
#2620=ORIENTED_EDGE('',*,*,#1912,.T.);
#2621=ORIENTED_EDGE('',*,*,#1913,.T.);
#2622=ORIENTED_EDGE('',*,*,#1914,.T.);
#2623=ORIENTED_EDGE('',*,*,#1915,.T.);
#2624=ORIENTED_EDGE('',*,*,#1916,.T.);
#2625=ORIENTED_EDGE('',*,*,#1917,.T.);
#2626=ORIENTED_EDGE('',*,*,#1918,.T.);
#2627=ORIENTED_EDGE('',*,*,#1919,.T.);
#2628=ORIENTED_EDGE('',*,*,#1920,.T.);
#2629=ORIENTED_EDGE('',*,*,#1921,.T.);
#2630=ORIENTED_EDGE('',*,*,#1922,.T.);
#2631=ORIENTED_EDGE('',*,*,#1923,.T.);
#2632=ORIENTED_EDGE('',*,*,#1924,.T.);
#2633=ORIENTED_EDGE('',*,*,#1925,.T.);
#2634=ORIENTED_EDGE('',*,*,#1926,.T.);
#2635=ORIENTED_EDGE('',*,*,#1927,.T.);
#2636=ORIENTED_EDGE('',*,*,#1928,.T.);
#2637=ORIENTED_EDGE('',*,*,#1929,.T.);
#2638=ORIENTED_EDGE('',*,*,#1930,.T.);
#2639=ORIENTED_EDGE('',*,*,#1931,.T.);
#2640=ORIENTED_EDGE('',*,*,#1932,.T.);
#2641=ORIENTED_EDGE('',*,*,#1933,.T.);
#2642=ORIENTED_EDGE('',*,*,#1934,.T.);
#2643=ORIENTED_EDGE('',*,*,#1935,.T.);
#2644=ORIENTED_EDGE('',*,*,#1936,.T.);
#2645=ORIENTED_EDGE('',*,*,#1937,.T.);
#2646=ORIENTED_EDGE('',*,*,#1938,.T.);
#2647=ORIENTED_EDGE('',*,*,#1939,.T.);
#2648=ORIENTED_EDGE('',*,*,#1940,.T.);
#2649=ORIENTED_EDGE('',*,*,#1941,.T.);
#2650=ORIENTED_EDGE('',*,*,#1942,.T.);
#2651=ORIENTED_EDGE('',*,*,#1943,.T.);
#2652=ORIENTED_EDGE('',*,*,#1944,.T.);
#2653=ORIENTED_EDGE('',*,*,#1945,.T.);
#2654=ORIENTED_EDGE('',*,*,#1946,.T.);
#2655=ORIENTED_EDGE('',*,*,#1947,.T.);
#2656=ORIENTED_EDGE('',*,*,#1948,.T.);
#2657=ORIENTED_EDGE('',*,*,#1949,.T.);
#2658=ORIENTED_EDGE('',*,*,#1950,.T.);
#2659=ORIENTED_EDGE('',*,*,#1951,.T.);
#2660=ORIENTED_EDGE('',*,*,#1952,.T.);
#2661=ORIENTED_EDGE('',*,*,#1953,.T.);
#2662=ORIENTED_EDGE('',*,*,#1954,.T.);
#2663=ORIENTED_EDGE('',*,*,#1955,.T.);
#2664=ORIENTED_EDGE('',*,*,#1956,.T.);
#2665=ORIENTED_EDGE('',*,*,#1957,.T.);
#2666=ORIENTED_EDGE('',*,*,#1907,.T.);
#2667=ORIENTED_EDGE('',*,*,#1851,.F.);
#2668=ORIENTED_EDGE('',*,*,#1859,.F.);
#2669=ORIENTED_EDGE('',*,*,#1855,.T.);
#2670=ORIENTED_EDGE('',*,*,#1909,.T.);
#2671=ORIENTED_EDGE('',*,*,#1958,.F.);
#2672=ORIENTED_EDGE('',*,*,#1857,.F.);
#2673=ORIENTED_EDGE('',*,*,#1958,.T.);
#2674=ORIENTED_EDGE('',*,*,#1908,.T.);
#2675=ORIENTED_EDGE('',*,*,#1957,.F.);
#2676=ORIENTED_EDGE('',*,*,#1858,.F.);
#2677=ORIENTED_EDGE('',*,*,#1860,.T.);
#2678=ORIENTED_EDGE('',*,*,#1959,.T.);
#2679=ORIENTED_EDGE('',*,*,#1910,.F.);
#2680=ORIENTED_EDGE('',*,*,#1960,.F.);
#2681=ORIENTED_EDGE('',*,*,#1861,.T.);
#2682=ORIENTED_EDGE('',*,*,#1960,.T.);
#2683=ORIENTED_EDGE('',*,*,#1913,.F.);
#2684=ORIENTED_EDGE('',*,*,#1961,.F.);
#2685=ORIENTED_EDGE('',*,*,#1862,.T.);
#2686=ORIENTED_EDGE('',*,*,#1961,.T.);
#2687=ORIENTED_EDGE('',*,*,#1912,.F.);
#2688=ORIENTED_EDGE('',*,*,#1962,.F.);
#2689=ORIENTED_EDGE('',*,*,#1863,.T.);
#2690=ORIENTED_EDGE('',*,*,#1962,.T.);
#2691=ORIENTED_EDGE('',*,*,#1911,.F.);
#2692=ORIENTED_EDGE('',*,*,#1959,.F.);
#2693=ORIENTED_EDGE('',*,*,#1914,.F.);
#2694=ORIENTED_EDGE('',*,*,#1963,.T.);
#2695=ORIENTED_EDGE('',*,*,#1864,.T.);
#2696=ORIENTED_EDGE('',*,*,#1963,.F.);
#2697=ORIENTED_EDGE('',*,*,#1915,.F.);
#2698=ORIENTED_EDGE('',*,*,#1964,.T.);
#2699=ORIENTED_EDGE('',*,*,#1865,.T.);
#2700=ORIENTED_EDGE('',*,*,#1964,.F.);
#2701=ORIENTED_EDGE('',*,*,#1866,.T.);
#2702=ORIENTED_EDGE('',*,*,#1965,.T.);
#2703=ORIENTED_EDGE('',*,*,#1916,.F.);
#2704=ORIENTED_EDGE('',*,*,#1966,.F.);
#2705=ORIENTED_EDGE('',*,*,#1867,.T.);
#2706=ORIENTED_EDGE('',*,*,#1966,.T.);
#2707=ORIENTED_EDGE('',*,*,#1919,.F.);
#2708=ORIENTED_EDGE('',*,*,#1967,.F.);
#2709=ORIENTED_EDGE('',*,*,#1868,.T.);
#2710=ORIENTED_EDGE('',*,*,#1967,.T.);
#2711=ORIENTED_EDGE('',*,*,#1918,.F.);
#2712=ORIENTED_EDGE('',*,*,#1968,.F.);
#2713=ORIENTED_EDGE('',*,*,#1869,.T.);
#2714=ORIENTED_EDGE('',*,*,#1968,.T.);
#2715=ORIENTED_EDGE('',*,*,#1917,.F.);
#2716=ORIENTED_EDGE('',*,*,#1965,.F.);
#2717=ORIENTED_EDGE('',*,*,#1920,.F.);
#2718=ORIENTED_EDGE('',*,*,#1969,.T.);
#2719=ORIENTED_EDGE('',*,*,#1870,.T.);
#2720=ORIENTED_EDGE('',*,*,#1969,.F.);
#2721=ORIENTED_EDGE('',*,*,#1921,.F.);
#2722=ORIENTED_EDGE('',*,*,#1970,.T.);
#2723=ORIENTED_EDGE('',*,*,#1871,.T.);
#2724=ORIENTED_EDGE('',*,*,#1970,.F.);
#2725=ORIENTED_EDGE('',*,*,#1922,.F.);
#2726=ORIENTED_EDGE('',*,*,#1971,.T.);
#2727=ORIENTED_EDGE('',*,*,#1872,.T.);
#2728=ORIENTED_EDGE('',*,*,#1971,.F.);
#2729=ORIENTED_EDGE('',*,*,#1923,.F.);
#2730=ORIENTED_EDGE('',*,*,#1972,.T.);
#2731=ORIENTED_EDGE('',*,*,#1873,.T.);
#2732=ORIENTED_EDGE('',*,*,#1972,.F.);
#2733=ORIENTED_EDGE('',*,*,#1924,.F.);
#2734=ORIENTED_EDGE('',*,*,#1973,.T.);
#2735=ORIENTED_EDGE('',*,*,#1874,.T.);
#2736=ORIENTED_EDGE('',*,*,#1973,.F.);
#2737=ORIENTED_EDGE('',*,*,#1925,.F.);
#2738=ORIENTED_EDGE('',*,*,#1974,.T.);
#2739=ORIENTED_EDGE('',*,*,#1875,.T.);
#2740=ORIENTED_EDGE('',*,*,#1974,.F.);
#2741=ORIENTED_EDGE('',*,*,#1926,.F.);
#2742=ORIENTED_EDGE('',*,*,#1975,.T.);
#2743=ORIENTED_EDGE('',*,*,#1876,.T.);
#2744=ORIENTED_EDGE('',*,*,#1975,.F.);
#2745=ORIENTED_EDGE('',*,*,#1927,.F.);
#2746=ORIENTED_EDGE('',*,*,#1976,.T.);
#2747=ORIENTED_EDGE('',*,*,#1877,.T.);
#2748=ORIENTED_EDGE('',*,*,#1976,.F.);
#2749=ORIENTED_EDGE('',*,*,#1928,.F.);
#2750=ORIENTED_EDGE('',*,*,#1977,.T.);
#2751=ORIENTED_EDGE('',*,*,#1878,.T.);
#2752=ORIENTED_EDGE('',*,*,#1977,.F.);
#2753=ORIENTED_EDGE('',*,*,#1929,.F.);
#2754=ORIENTED_EDGE('',*,*,#1978,.T.);
#2755=ORIENTED_EDGE('',*,*,#1879,.T.);
#2756=ORIENTED_EDGE('',*,*,#1978,.F.);
#2757=ORIENTED_EDGE('',*,*,#1930,.F.);
#2758=ORIENTED_EDGE('',*,*,#1979,.T.);
#2759=ORIENTED_EDGE('',*,*,#1880,.T.);
#2760=ORIENTED_EDGE('',*,*,#1979,.F.);
#2761=ORIENTED_EDGE('',*,*,#1881,.T.);
#2762=ORIENTED_EDGE('',*,*,#1980,.T.);
#2763=ORIENTED_EDGE('',*,*,#1931,.F.);
#2764=ORIENTED_EDGE('',*,*,#1981,.F.);
#2765=ORIENTED_EDGE('',*,*,#1882,.T.);
#2766=ORIENTED_EDGE('',*,*,#1981,.T.);
#2767=ORIENTED_EDGE('',*,*,#1934,.F.);
#2768=ORIENTED_EDGE('',*,*,#1982,.F.);
#2769=ORIENTED_EDGE('',*,*,#1883,.T.);
#2770=ORIENTED_EDGE('',*,*,#1982,.T.);
#2771=ORIENTED_EDGE('',*,*,#1933,.F.);
#2772=ORIENTED_EDGE('',*,*,#1983,.F.);
#2773=ORIENTED_EDGE('',*,*,#1884,.T.);
#2774=ORIENTED_EDGE('',*,*,#1983,.T.);
#2775=ORIENTED_EDGE('',*,*,#1932,.F.);
#2776=ORIENTED_EDGE('',*,*,#1980,.F.);
#2777=ORIENTED_EDGE('',*,*,#1935,.F.);
#2778=ORIENTED_EDGE('',*,*,#1984,.T.);
#2779=ORIENTED_EDGE('',*,*,#1885,.T.);
#2780=ORIENTED_EDGE('',*,*,#1984,.F.);
#2781=ORIENTED_EDGE('',*,*,#1936,.F.);
#2782=ORIENTED_EDGE('',*,*,#1985,.T.);
#2783=ORIENTED_EDGE('',*,*,#1886,.T.);
#2784=ORIENTED_EDGE('',*,*,#1985,.F.);
#2785=ORIENTED_EDGE('',*,*,#1937,.F.);
#2786=ORIENTED_EDGE('',*,*,#1986,.T.);
#2787=ORIENTED_EDGE('',*,*,#1887,.T.);
#2788=ORIENTED_EDGE('',*,*,#1986,.F.);
#2789=ORIENTED_EDGE('',*,*,#1938,.F.);
#2790=ORIENTED_EDGE('',*,*,#1987,.T.);
#2791=ORIENTED_EDGE('',*,*,#1888,.T.);
#2792=ORIENTED_EDGE('',*,*,#1987,.F.);
#2793=ORIENTED_EDGE('',*,*,#1939,.F.);
#2794=ORIENTED_EDGE('',*,*,#1988,.T.);
#2795=ORIENTED_EDGE('',*,*,#1889,.T.);
#2796=ORIENTED_EDGE('',*,*,#1988,.F.);
#2797=ORIENTED_EDGE('',*,*,#1940,.F.);
#2798=ORIENTED_EDGE('',*,*,#1989,.T.);
#2799=ORIENTED_EDGE('',*,*,#1890,.T.);
#2800=ORIENTED_EDGE('',*,*,#1989,.F.);
#2801=ORIENTED_EDGE('',*,*,#1941,.F.);
#2802=ORIENTED_EDGE('',*,*,#1990,.T.);
#2803=ORIENTED_EDGE('',*,*,#1891,.T.);
#2804=ORIENTED_EDGE('',*,*,#1990,.F.);
#2805=ORIENTED_EDGE('',*,*,#1942,.F.);
#2806=ORIENTED_EDGE('',*,*,#1991,.T.);
#2807=ORIENTED_EDGE('',*,*,#1892,.T.);
#2808=ORIENTED_EDGE('',*,*,#1991,.F.);
#2809=ORIENTED_EDGE('',*,*,#1943,.F.);
#2810=ORIENTED_EDGE('',*,*,#1992,.T.);
#2811=ORIENTED_EDGE('',*,*,#1893,.T.);
#2812=ORIENTED_EDGE('',*,*,#1992,.F.);
#2813=ORIENTED_EDGE('',*,*,#1944,.F.);
#2814=ORIENTED_EDGE('',*,*,#1993,.T.);
#2815=ORIENTED_EDGE('',*,*,#1894,.T.);
#2816=ORIENTED_EDGE('',*,*,#1993,.F.);
#2817=ORIENTED_EDGE('',*,*,#1945,.F.);
#2818=ORIENTED_EDGE('',*,*,#1994,.T.);
#2819=ORIENTED_EDGE('',*,*,#1895,.T.);
#2820=ORIENTED_EDGE('',*,*,#1994,.F.);
#2821=ORIENTED_EDGE('',*,*,#1946,.F.);
#2822=ORIENTED_EDGE('',*,*,#1995,.T.);
#2823=ORIENTED_EDGE('',*,*,#1896,.T.);
#2824=ORIENTED_EDGE('',*,*,#1995,.F.);
#2825=ORIENTED_EDGE('',*,*,#1947,.F.);
#2826=ORIENTED_EDGE('',*,*,#1996,.T.);
#2827=ORIENTED_EDGE('',*,*,#1897,.T.);
#2828=ORIENTED_EDGE('',*,*,#1996,.F.);
#2829=ORIENTED_EDGE('',*,*,#1948,.F.);
#2830=ORIENTED_EDGE('',*,*,#1997,.T.);
#2831=ORIENTED_EDGE('',*,*,#1898,.T.);
#2832=ORIENTED_EDGE('',*,*,#1997,.F.);
#2833=ORIENTED_EDGE('',*,*,#1949,.F.);
#2834=ORIENTED_EDGE('',*,*,#1998,.T.);
#2835=ORIENTED_EDGE('',*,*,#1899,.T.);
#2836=ORIENTED_EDGE('',*,*,#1998,.F.);
#2837=ORIENTED_EDGE('',*,*,#1950,.F.);
#2838=ORIENTED_EDGE('',*,*,#1999,.T.);
#2839=ORIENTED_EDGE('',*,*,#1900,.T.);
#2840=ORIENTED_EDGE('',*,*,#1999,.F.);
#2841=ORIENTED_EDGE('',*,*,#1951,.F.);
#2842=ORIENTED_EDGE('',*,*,#2000,.T.);
#2843=ORIENTED_EDGE('',*,*,#1901,.T.);
#2844=ORIENTED_EDGE('',*,*,#2000,.F.);
#2845=ORIENTED_EDGE('',*,*,#1952,.F.);
#2846=ORIENTED_EDGE('',*,*,#2001,.T.);
#2847=ORIENTED_EDGE('',*,*,#1902,.T.);
#2848=ORIENTED_EDGE('',*,*,#2001,.F.);
#2849=ORIENTED_EDGE('',*,*,#1953,.F.);
#2850=ORIENTED_EDGE('',*,*,#2002,.T.);
#2851=ORIENTED_EDGE('',*,*,#1903,.T.);
#2852=ORIENTED_EDGE('',*,*,#2002,.F.);
#2853=ORIENTED_EDGE('',*,*,#1954,.F.);
#2854=ORIENTED_EDGE('',*,*,#2003,.T.);
#2855=ORIENTED_EDGE('',*,*,#1904,.T.);
#2856=ORIENTED_EDGE('',*,*,#2003,.F.);
#2857=ORIENTED_EDGE('',*,*,#1955,.F.);
#2858=ORIENTED_EDGE('',*,*,#2004,.T.);
#2859=ORIENTED_EDGE('',*,*,#1905,.T.);
#2860=ORIENTED_EDGE('',*,*,#2004,.F.);
#2861=ORIENTED_EDGE('',*,*,#1956,.F.);
#2862=ORIENTED_EDGE('',*,*,#2005,.T.);
#2863=ORIENTED_EDGE('',*,*,#1906,.T.);
#2864=ORIENTED_EDGE('',*,*,#2005,.F.);
#2865=ORIENTED_EDGE('',*,*,#2006,.T.);
#2866=ORIENTED_EDGE('',*,*,#2007,.T.);
#2867=ORIENTED_EDGE('',*,*,#2008,.T.);
#2868=ORIENTED_EDGE('',*,*,#2009,.T.);
#2869=ORIENTED_EDGE('',*,*,#2007,.F.);
#2870=ORIENTED_EDGE('',*,*,#2010,.F.);
#2871=ORIENTED_EDGE('',*,*,#2011,.T.);
#2872=ORIENTED_EDGE('',*,*,#2006,.F.);
#2873=ORIENTED_EDGE('',*,*,#2011,.F.);
#2874=ORIENTED_EDGE('',*,*,#2008,.F.);
#2875=ORIENTED_EDGE('',*,*,#2009,.F.);
#2876=ORIENTED_EDGE('',*,*,#2012,.T.);
#2877=ORIENTED_EDGE('',*,*,#2013,.T.);
#2878=ORIENTED_EDGE('',*,*,#2014,.T.);
#2879=ORIENTED_EDGE('',*,*,#2012,.F.);
#2880=ORIENTED_EDGE('',*,*,#2015,.F.);
#2881=ORIENTED_EDGE('',*,*,#2016,.T.);
#2882=ORIENTED_EDGE('',*,*,#2013,.F.);
#2883=ORIENTED_EDGE('',*,*,#2014,.F.);
#2884=ORIENTED_EDGE('',*,*,#2016,.F.);
#2885=ORIENTED_EDGE('',*,*,#2010,.T.);
#2886=ORIENTED_EDGE('',*,*,#2017,.T.);
#2887=ORIENTED_EDGE('',*,*,#2017,.F.);
#2888=ORIENTED_EDGE('',*,*,#2018,.T.);
#2889=ORIENTED_EDGE('',*,*,#2019,.F.);
#2890=ORIENTED_EDGE('',*,*,#2018,.F.);
#2891=ORIENTED_EDGE('',*,*,#2020,.T.);
#2892=ORIENTED_EDGE('',*,*,#2021,.T.);
#2893=ORIENTED_EDGE('',*,*,#2015,.T.);
#2894=ORIENTED_EDGE('',*,*,#2021,.F.);
#2895=ORIENTED_EDGE('',*,*,#2020,.F.);
#2896=ORIENTED_EDGE('',*,*,#2022,.F.);
#2897=ORIENTED_EDGE('',*,*,#2023,.F.);
#2898=ORIENTED_EDGE('',*,*,#2022,.T.);
#2899=ORIENTED_EDGE('',*,*,#2024,.T.);
#2900=ORIENTED_EDGE('',*,*,#2025,.T.);
#2901=ORIENTED_EDGE('',*,*,#2026,.F.);
#2902=ORIENTED_EDGE('',*,*,#2027,.F.);
#2903=ORIENTED_EDGE('',*,*,#2028,.T.);
#2904=ORIENTED_EDGE('',*,*,#2029,.T.);
#2905=ORIENTED_EDGE('',*,*,#2024,.F.);
#2906=ORIENTED_EDGE('',*,*,#2023,.T.);
#2907=ORIENTED_EDGE('',*,*,#2026,.T.);
#2908=ORIENTED_EDGE('',*,*,#2030,.T.);
#2909=ORIENTED_EDGE('',*,*,#2028,.F.);
#2910=ORIENTED_EDGE('',*,*,#2030,.F.);
#2911=ORIENTED_EDGE('',*,*,#2025,.F.);
#2912=ORIENTED_EDGE('',*,*,#2029,.F.);
#2913=ORIENTED_EDGE('',*,*,#2019,.T.);
#2914=ORIENTED_EDGE('',*,*,#2027,.T.);
#2915=CYLINDRICAL_SURFACE('',#3215,1.);
#2916=CYLINDRICAL_SURFACE('',#3222,1.);
#2917=CYLINDRICAL_SURFACE('',#3228,1.);
#2918=CYLINDRICAL_SURFACE('',#3234,1.);
#2919=CYLINDRICAL_SURFACE('',#3240,1.);
#2920=CYLINDRICAL_SURFACE('',#3246,1.);
#2921=CYLINDRICAL_SURFACE('',#3252,1.);
#2922=CYLINDRICAL_SURFACE('',#3258,1.);
#2923=CYLINDRICAL_SURFACE('',#3264,1.);
#2924=CYLINDRICAL_SURFACE('',#3270,1.);
#2925=CYLINDRICAL_SURFACE('',#3281,10.);
#2926=CYLINDRICAL_SURFACE('',#3290,1.);
#2927=CYLINDRICAL_SURFACE('',#3296,1.);
#2928=CYLINDRICAL_SURFACE('',#3302,1.);
#2929=CYLINDRICAL_SURFACE('',#3308,1.);
#2930=CYLINDRICAL_SURFACE('',#3314,1.);
#2931=CYLINDRICAL_SURFACE('',#3320,1.);
#2932=CYLINDRICAL_SURFACE('',#3326,1.);
#2933=CYLINDRICAL_SURFACE('',#3332,1.);
#2934=CYLINDRICAL_SURFACE('',#3338,1.);
#2935=CYLINDRICAL_SURFACE('',#3344,1.);
#2936=CYLINDRICAL_SURFACE('',#3346,5.);
#2937=CYLINDRICAL_SURFACE('',#3349,5.);
#2938=CYLINDRICAL_SURFACE('',#3352,5.);
#2939=CYLINDRICAL_SURFACE('',#3355,5.);
#2940=CYLINDRICAL_SURFACE('',#3366,5.);
#2941=CYLINDRICAL_SURFACE('',#3368,5.);
#2942=CYLINDRICAL_SURFACE('',#3369,5.);
#2943=CYLINDRICAL_SURFACE('',#3371,5.);
#2944=CYLINDRICAL_SURFACE('',#3373,5.);
#2945=CYLINDRICAL_SURFACE('',#3375,5.);
#2946=CYLINDRICAL_SURFACE('',#3376,1.);
#2947=CYLINDRICAL_SURFACE('',#3388,1.);
#2948=CYLINDRICAL_SURFACE('',#3392,1.);
#2949=CYLINDRICAL_SURFACE('',#3400,1.);
#2950=CYLINDRICAL_SURFACE('',#3402,1.);
#2951=CYLINDRICAL_SURFACE('',#3404,1.);
#2952=CYLINDRICAL_SURFACE('',#3515,0.75);
#2953=CYLINDRICAL_SURFACE('',#3517,0.75);
#2954=CYLINDRICAL_SURFACE('',#3519,0.5);
#2955=CYLINDRICAL_SURFACE('',#3520,0.5);
#2956=CYLINDRICAL_SURFACE('',#3521,0.8);
#2957=CYLINDRICAL_SURFACE('',#3523,0.8);
#2958=CYLINDRICAL_SURFACE('',#3525,1.05);
#2959=CYLINDRICAL_SURFACE('',#3526,0.5);
#2960=CYLINDRICAL_SURFACE('',#3527,0.85);
#2961=CYLINDRICAL_SURFACE('',#3528,0.75);
#2962=CYLINDRICAL_SURFACE('',#3529,2.);
#2963=CYLINDRICAL_SURFACE('',#3530,0.85);
#2964=CYLINDRICAL_SURFACE('',#3531,0.75);
#2965=CYLINDRICAL_SURFACE('',#3532,0.85);
#2966=CYLINDRICAL_SURFACE('',#3533,2.);
#2967=CYLINDRICAL_SURFACE('',#3534,0.85);
#2968=CYLINDRICAL_SURFACE('',#3535,0.5);
#2969=CYLINDRICAL_SURFACE('',#3536,0.75);
#2970=CYLINDRICAL_SURFACE('',#3538,0.75);
#2971=CYLINDRICAL_SURFACE('',#3540,0.5);
#2972=CYLINDRICAL_SURFACE('',#3541,0.75);
#2973=CYLINDRICAL_SURFACE('',#3542,0.5);
#2974=CYLINDRICAL_SURFACE('',#3543,0.5);
#2975=CYLINDRICAL_SURFACE('',#3544,0.75);
#2976=CYLINDRICAL_SURFACE('',#3545,0.5);
#2977=CYLINDRICAL_SURFACE('',#3546,0.5);
#2978=CYLINDRICAL_SURFACE('',#3547,0.5);
#2979=CYLINDRICAL_SURFACE('',#3548,0.5);
#2980=CYLINDRICAL_SURFACE('',#3549,0.85);
#2981=CYLINDRICAL_SURFACE('',#3550,0.5);
#2982=CYLINDRICAL_SURFACE('',#3551,0.5);
#2983=CYLINDRICAL_SURFACE('',#3552,0.5);
#2984=CYLINDRICAL_SURFACE('',#3553,0.75);
#2985=CYLINDRICAL_SURFACE('',#3554,2.);
#2986=CYLINDRICAL_SURFACE('',#3555,0.5);
#2987=CYLINDRICAL_SURFACE('',#3556,0.85);
#2988=CYLINDRICAL_SURFACE('',#3557,0.5);
#2989=CYLINDRICAL_SURFACE('',#3558,0.75);
#2990=CYLINDRICAL_SURFACE('',#3559,0.5);
#2991=CYLINDRICAL_SURFACE('',#3560,0.5);
#2992=CYLINDRICAL_SURFACE('',#3561,0.5);
#2993=CYLINDRICAL_SURFACE('',#3569,9.);
#2994=CYLINDRICAL_SURFACE('',#3575,10.);
#2995=CYLINDRICAL_SURFACE('',#3579,6.);
#2996=CYLINDRICAL_SURFACE('',#3588,3.2);
#2997=ADVANCED_FACE('',(#219),#2915,.T.);
#2998=ADVANCED_FACE('',(#220),#192,.T.);
#2999=ADVANCED_FACE('',(#221),#2916,.T.);
#3000=ADVANCED_FACE('',(#222),#193,.T.);
#3001=ADVANCED_FACE('',(#223),#2917,.T.);
#3002=ADVANCED_FACE('',(#224),#194,.T.);
#3003=ADVANCED_FACE('',(#225),#2918,.T.);
#3004=ADVANCED_FACE('',(#226),#195,.T.);
#3005=ADVANCED_FACE('',(#227),#2919,.T.);
#3006=ADVANCED_FACE('',(#228),#196,.T.);
#3007=ADVANCED_FACE('',(#229),#2920,.T.);
#3008=ADVANCED_FACE('',(#230),#197,.T.);
#3009=ADVANCED_FACE('',(#231),#2921,.T.);
#3010=ADVANCED_FACE('',(#232),#198,.T.);
#3011=ADVANCED_FACE('',(#233),#2922,.T.);
#3012=ADVANCED_FACE('',(#234),#199,.T.);
#3013=ADVANCED_FACE('',(#235),#2923,.T.);
#3014=ADVANCED_FACE('',(#236),#200,.T.);
#3015=ADVANCED_FACE('',(#237),#2924,.T.);
#3016=ADVANCED_FACE('',(#238),#201,.T.);
#3017=ADVANCED_FACE('',(#239,#51,#52),#134,.T.);
#3018=ADVANCED_FACE('',(#240),#135,.F.);
#3019=ADVANCED_FACE('',(#241),#136,.F.);
#3020=ADVANCED_FACE('',(#242),#137,.F.);
#3021=ADVANCED_FACE('',(#243),#138,.F.);
#3022=ADVANCED_FACE('',(#244),#2925,.F.);
#3023=ADVANCED_FACE('',(#245,#53,#54),#139,.F.);
#3024=ADVANCED_FACE('',(#246),#202,.T.);
#3025=ADVANCED_FACE('',(#247),#2926,.T.);
#3026=ADVANCED_FACE('',(#248),#203,.T.);
#3027=ADVANCED_FACE('',(#249),#2927,.T.);
#3028=ADVANCED_FACE('',(#250),#204,.T.);
#3029=ADVANCED_FACE('',(#251),#2928,.T.);
#3030=ADVANCED_FACE('',(#252),#205,.T.);
#3031=ADVANCED_FACE('',(#253),#2929,.T.);
#3032=ADVANCED_FACE('',(#254),#206,.T.);
#3033=ADVANCED_FACE('',(#255),#2930,.T.);
#3034=ADVANCED_FACE('',(#256),#207,.T.);
#3035=ADVANCED_FACE('',(#257),#2931,.T.);
#3036=ADVANCED_FACE('',(#258),#208,.T.);
#3037=ADVANCED_FACE('',(#259),#2932,.T.);
#3038=ADVANCED_FACE('',(#260),#209,.T.);
#3039=ADVANCED_FACE('',(#261),#2933,.T.);
#3040=ADVANCED_FACE('',(#262),#210,.T.);
#3041=ADVANCED_FACE('',(#263),#2934,.T.);
#3042=ADVANCED_FACE('',(#264),#211,.T.);
#3043=ADVANCED_FACE('',(#265),#2935,.T.);
#3044=ADVANCED_FACE('',(#266),#140,.T.);
#3045=ADVANCED_FACE('',(#267),#2936,.T.);
#3046=ADVANCED_FACE('',(#268),#141,.T.);
#3047=ADVANCED_FACE('',(#269),#2937,.T.);
#3048=ADVANCED_FACE('',(#270),#142,.T.);
#3049=ADVANCED_FACE('',(#271),#2938,.T.);
#3050=ADVANCED_FACE('',(#272),#143,.T.);
#3051=ADVANCED_FACE('',(#273),#2939,.T.);
#3052=ADVANCED_FACE('',(#274),#144,.T.);
#3053=ADVANCED_FACE('',(#275),#145,.F.);
#3054=ADVANCED_FACE('',(#276,#55),#146,.T.);
#3055=ADVANCED_FACE('',(#277),#2940,.T.);
#3056=ADVANCED_FACE('',(#278),#147,.T.);
#3057=ADVANCED_FACE('',(#279),#2941,.T.);
#3058=ADVANCED_FACE('',(#280),#2942,.T.);
#3059=ADVANCED_FACE('',(#281),#148,.T.);
#3060=ADVANCED_FACE('',(#282),#2943,.T.);
#3061=ADVANCED_FACE('',(#283),#149,.T.);
#3062=ADVANCED_FACE('',(#284),#2944,.T.);
#3063=ADVANCED_FACE('',(#285),#150,.T.);
#3064=ADVANCED_FACE('',(#286),#2945,.T.);
#3065=ADVANCED_FACE('',(#287),#2946,.F.);
#3066=ADVANCED_FACE('',(#288),#212,.F.);
#3067=ADVANCED_FACE('',(#289),#151,.T.);
#3068=ADVANCED_FACE('',(#290),#213,.F.);
#3069=ADVANCED_FACE('',(#291),#2947,.F.);
#3070=ADVANCED_FACE('',(#292),#152,.F.);
#3071=ADVANCED_FACE('',(#293),#2948,.F.);
#3072=ADVANCED_FACE('',(#294),#214,.F.);
#3073=ADVANCED_FACE('',(#295),#215,.F.);
#3074=ADVANCED_FACE('',(#296),#2949,.F.);
#3075=ADVANCED_FACE('',(#297),#2950,.T.);
#3076=ADVANCED_FACE('',(#298),#153,.F.);
#3077=ADVANCED_FACE('',(#299),#2951,.T.);
#3078=ADVANCED_FACE('',(#300),#154,.F.);
#3079=ADVANCED_FACE('',(#301),#155,.T.);
#3080=ADVANCED_FACE('',(#302),#156,.T.);
#3081=ADVANCED_FACE('',(#303),#157,.T.);
#3082=ADVANCED_FACE('',(#304),#158,.T.);
#3083=ADVANCED_FACE('',(#305),#159,.T.);
#3084=ADVANCED_FACE('',(#306),#160,.T.);
#3085=ADVANCED_FACE('',(#307),#161,.T.);
#3086=ADVANCED_FACE('',(#308),#162,.T.);
#3087=ADVANCED_FACE('',(#309),#163,.T.);
#3088=ADVANCED_FACE('',(#310),#164,.T.);
#3089=ADVANCED_FACE('',(#311),#165,.T.);
#3090=ADVANCED_FACE('',(#312),#166,.T.);
#3091=ADVANCED_FACE('',(#313),#167,.T.);
#3092=ADVANCED_FACE('',(#314),#168,.T.);
#3093=ADVANCED_FACE('',(#315),#169,.T.);
#3094=ADVANCED_FACE('',(#316),#170,.T.);
#3095=ADVANCED_FACE('',(#317),#171,.T.);
#3096=ADVANCED_FACE('',(#318),#172,.T.);
#3097=ADVANCED_FACE('',(#319),#173,.T.);
#3098=ADVANCED_FACE('',(#320),#174,.T.);
#3099=ADVANCED_FACE('',(#321,#56,#57,#58,#59,#60,#61,#62,#63,#64,#65,#66,
#67,#68,#69,#70,#71,#72,#73,#74,#75,#76,#77,#78,#79,#80,#81,#82,#83,#84,
#85,#86,#87,#88,#89,#90,#91,#92,#93),#175,.F.);
#3100=ADVANCED_FACE('',(#322,#94,#95,#96,#97,#98,#99,#100,#101,#102,#103,
#104,#105,#106,#107,#108,#109,#110,#111,#112,#113,#114,#115,#116,#117,#118,
#119,#120,#121,#122,#123,#124,#125,#126,#127,#128,#129,#130,#131),#176,
 .T.);
#3101=ADVANCED_FACE('',(#323),#177,.T.);
#3102=ADVANCED_FACE('',(#324),#178,.T.);
#3103=ADVANCED_FACE('',(#325),#179,.T.);
#3104=ADVANCED_FACE('',(#326),#2952,.F.);
#3105=ADVANCED_FACE('',(#327),#180,.T.);
#3106=ADVANCED_FACE('',(#328),#2953,.F.);
#3107=ADVANCED_FACE('',(#329),#181,.T.);
#3108=ADVANCED_FACE('',(#330),#2954,.F.);
#3109=ADVANCED_FACE('',(#331),#2955,.F.);
#3110=ADVANCED_FACE('',(#332),#2956,.F.);
#3111=ADVANCED_FACE('',(#333),#182,.T.);
#3112=ADVANCED_FACE('',(#334),#2957,.F.);
#3113=ADVANCED_FACE('',(#335),#183,.T.);
#3114=ADVANCED_FACE('',(#336),#2958,.F.);
#3115=ADVANCED_FACE('',(#337),#2959,.F.);
#3116=ADVANCED_FACE('',(#338),#2960,.F.);
#3117=ADVANCED_FACE('',(#339),#2961,.F.);
#3118=ADVANCED_FACE('',(#340),#2962,.F.);
#3119=ADVANCED_FACE('',(#341),#2963,.F.);
#3120=ADVANCED_FACE('',(#342),#2964,.F.);
#3121=ADVANCED_FACE('',(#343),#2965,.F.);
#3122=ADVANCED_FACE('',(#344),#2966,.F.);
#3123=ADVANCED_FACE('',(#345),#2967,.F.);
#3124=ADVANCED_FACE('',(#346),#2968,.F.);
#3125=ADVANCED_FACE('',(#347),#2969,.F.);
#3126=ADVANCED_FACE('',(#348),#184,.T.);
#3127=ADVANCED_FACE('',(#349),#2970,.F.);
#3128=ADVANCED_FACE('',(#350),#185,.T.);
#3129=ADVANCED_FACE('',(#351),#2971,.F.);
#3130=ADVANCED_FACE('',(#352),#2972,.F.);
#3131=ADVANCED_FACE('',(#353),#2973,.F.);
#3132=ADVANCED_FACE('',(#354),#2974,.F.);
#3133=ADVANCED_FACE('',(#355),#2975,.F.);
#3134=ADVANCED_FACE('',(#356),#2976,.F.);
#3135=ADVANCED_FACE('',(#357),#2977,.F.);
#3136=ADVANCED_FACE('',(#358),#2978,.F.);
#3137=ADVANCED_FACE('',(#359),#2979,.F.);
#3138=ADVANCED_FACE('',(#360),#2980,.F.);
#3139=ADVANCED_FACE('',(#361),#2981,.F.);
#3140=ADVANCED_FACE('',(#362),#2982,.F.);
#3141=ADVANCED_FACE('',(#363),#2983,.F.);
#3142=ADVANCED_FACE('',(#364),#2984,.F.);
#3143=ADVANCED_FACE('',(#365),#2985,.F.);
#3144=ADVANCED_FACE('',(#366),#2986,.F.);
#3145=ADVANCED_FACE('',(#367),#2987,.F.);
#3146=ADVANCED_FACE('',(#368),#2988,.F.);
#3147=ADVANCED_FACE('',(#369),#2989,.F.);
#3148=ADVANCED_FACE('',(#370),#2990,.F.);
#3149=ADVANCED_FACE('',(#371),#2991,.F.);
#3150=ADVANCED_FACE('',(#372),#2992,.F.);
#3151=ADVANCED_FACE('',(#373),#216,.F.);
#3152=ADVANCED_FACE('',(#374),#2993,.T.);
#3153=ADVANCED_FACE('',(#375),#217,.T.);
#3154=ADVANCED_FACE('',(#376),#2994,.T.);
#3155=ADVANCED_FACE('',(#377,#132),#186,.T.);
#3156=ADVANCED_FACE('',(#378),#2995,.F.);
#3157=ADVANCED_FACE('',(#379),#218,.T.);
#3158=ADVANCED_FACE('',(#380),#187,.T.);
#3159=ADVANCED_FACE('',(#381),#188,.F.);
#3160=ADVANCED_FACE('',(#382),#189,.F.);
#3161=ADVANCED_FACE('',(#383),#2996,.F.);
#3162=ADVANCED_FACE('',(#384),#190,.F.);
#3163=ADVANCED_FACE('',(#385,#133),#191,.F.);
#3164=CLOSED_SHELL('',(#2997,#2998,#2999,#3000,#3001,#3002,#3003,#3004,
#3005,#3006,#3007,#3008,#3009,#3010,#3011,#3012,#3013,#3014,#3015,#3016,
#3017,#3018,#3019,#3020,#3021,#3022,#3023));
#3165=CLOSED_SHELL('',(#3024,#3025,#3026,#3027,#3028,#3029,#3030,#3031,
#3032,#3033,#3034,#3035,#3036,#3037,#3038,#3039,#3040,#3041,#3042,#3043,
#3044,#3045,#3046,#3047,#3048,#3049,#3050,#3051,#3052,#3053,#3054,#3055,
#3056,#3057,#3058,#3059,#3060,#3061,#3062,#3063,#3064,#3065,#3066,#3067,
#3068,#3069,#3070,#3071,#3072,#3073,#3074,#3075,#3076,#3077,#3078,#3079,
#3080,#3081,#3082,#3083,#3084,#3085,#3086,#3087,#3088,#3089,#3090,#3091,
#3092,#3093,#3094,#3095));
#3166=CLOSED_SHELL('',(#3096,#3097,#3098,#3099,#3100,#3101,#3102,#3103,
#3104,#3105,#3106,#3107,#3108,#3109,#3110,#3111,#3112,#3113,#3114,#3115,
#3116,#3117,#3118,#3119,#3120,#3121,#3122,#3123,#3124,#3125,#3126,#3127,
#3128,#3129,#3130,#3131,#3132,#3133,#3134,#3135,#3136,#3137,#3138,#3139,
#3140,#3141,#3142,#3143,#3144,#3145,#3146,#3147,#3148,#3149,#3150));
#3167=CLOSED_SHELL('',(#3151,#3152,#3153,#3154,#3155,#3156,#3157,#3158,
#3159,#3160,#3161,#3162,#3163));
#3168=DERIVED_UNIT_ELEMENT(#3176,1.);
#3169=DERIVED_UNIT_ELEMENT(#5538,-3.);
#3170=DERIVED_UNIT_ELEMENT(#3176,1.);
#3171=DERIVED_UNIT_ELEMENT(#5538,-3.);
#3172=DERIVED_UNIT_ELEMENT(#3176,1.);
#3173=DERIVED_UNIT_ELEMENT(#5538,-3.);
#3174=DERIVED_UNIT_ELEMENT(#3176,1.);
#3175=DERIVED_UNIT_ELEMENT(#5538,-3.);
#3176=(
MASS_UNIT()
NAMED_UNIT(*)
SI_UNIT(.KILO.,.GRAM.)
);
#3177=DERIVED_UNIT((#3168,#3169));
#3178=DERIVED_UNIT((#3170,#3171));
#3179=DERIVED_UNIT((#3172,#3173));
#3180=DERIVED_UNIT((#3174,#3175));
#3181=MEASURE_REPRESENTATION_ITEM('density measure',
POSITIVE_RATIO_MEASURE(7850.),#3177);
#3182=MEASURE_REPRESENTATION_ITEM('density measure',
POSITIVE_RATIO_MEASURE(7850.),#3178);
#3183=MEASURE_REPRESENTATION_ITEM('density measure',
POSITIVE_RATIO_MEASURE(7850.),#3179);
#3184=MEASURE_REPRESENTATION_ITEM('density measure',
POSITIVE_RATIO_MEASURE(7850.),#3180);
#3185=PROPERTY_DEFINITION_REPRESENTATION(#3205,#3193);
#3186=PROPERTY_DEFINITION_REPRESENTATION(#3206,#3194);
#3187=PROPERTY_DEFINITION_REPRESENTATION(#3207,#3195);
#3188=PROPERTY_DEFINITION_REPRESENTATION(#3208,#3196);
#3189=PROPERTY_DEFINITION_REPRESENTATION(#3209,#3197);
#3190=PROPERTY_DEFINITION_REPRESENTATION(#3210,#3198);
#3191=PROPERTY_DEFINITION_REPRESENTATION(#3211,#3199);
#3192=PROPERTY_DEFINITION_REPRESENTATION(#3212,#3200);
#3193=REPRESENTATION('material name',(#3201),#5531);
#3194=REPRESENTATION('density',(#3181),#5531);
#3195=REPRESENTATION('material name',(#3202),#5532);
#3196=REPRESENTATION('density',(#3182),#5532);
#3197=REPRESENTATION('material name',(#3203),#5534);
#3198=REPRESENTATION('density',(#3183),#5534);
#3199=REPRESENTATION('material name',(#3204),#5535);
#3200=REPRESENTATION('density',(#3184),#5535);
#3201=DESCRIPTIVE_REPRESENTATION_ITEM('Steel','Steel');
#3202=DESCRIPTIVE_REPRESENTATION_ITEM('Steel','Steel');
#3203=DESCRIPTIVE_REPRESENTATION_ITEM('Steel','Steel');
#3204=DESCRIPTIVE_REPRESENTATION_ITEM('Steel','Steel');
#3205=PROPERTY_DEFINITION('material property','material name',#5566);
#3206=PROPERTY_DEFINITION('material property','density of part',#5566);
#3207=PROPERTY_DEFINITION('material property','material name',#5567);
#3208=PROPERTY_DEFINITION('material property','density of part',#5567);
#3209=PROPERTY_DEFINITION('material property','material name',#5569);
#3210=PROPERTY_DEFINITION('material property','density of part',#5569);
#3211=PROPERTY_DEFINITION('material property','material name',#5570);
#3212=PROPERTY_DEFINITION('material property','density of part',#5570);
#3213=AXIS2_PLACEMENT_3D('',#4599,#3598,#3599);
#3214=AXIS2_PLACEMENT_3D('',#4600,#3600,#3601);
#3215=AXIS2_PLACEMENT_3D('',#4601,#3602,#3603);
#3216=AXIS2_PLACEMENT_3D('',#4604,#3604,#3605);
#3217=AXIS2_PLACEMENT_3D('',#4608,#3607,#3608);
#3218=AXIS2_PLACEMENT_3D('',#4610,#3610,#3611);
#3219=AXIS2_PLACEMENT_3D('',#4612,#3612,#3613);
#3220=AXIS2_PLACEMENT_3D('',#4614,#3614,#3615);
#3221=AXIS2_PLACEMENT_3D('',#4615,#3616,#3617);
#3222=AXIS2_PLACEMENT_3D('',#4616,#3618,#3619);
#3223=AXIS2_PLACEMENT_3D('',#4619,#3620,#3621);
#3224=AXIS2_PLACEMENT_3D('',#4622,#3624,#3625);
#3225=AXIS2_PLACEMENT_3D('',#4624,#3626,#3627);
#3226=AXIS2_PLACEMENT_3D('',#4626,#3628,#3629);
#3227=AXIS2_PLACEMENT_3D('',#4627,#3630,#3631);
#3228=AXIS2_PLACEMENT_3D('',#4628,#3632,#3633);
#3229=AXIS2_PLACEMENT_3D('',#4631,#3634,#3635);
#3230=AXIS2_PLACEMENT_3D('',#4634,#3638,#3639);
#3231=AXIS2_PLACEMENT_3D('',#4636,#3640,#3641);
#3232=AXIS2_PLACEMENT_3D('',#4638,#3642,#3643);
#3233=AXIS2_PLACEMENT_3D('',#4639,#3644,#3645);
#3234=AXIS2_PLACEMENT_3D('',#4640,#3646,#3647);
#3235=AXIS2_PLACEMENT_3D('',#4644,#3649,#3650);
#3236=AXIS2_PLACEMENT_3D('',#4646,#3652,#3653);
#3237=AXIS2_PLACEMENT_3D('',#4648,#3654,#3655);
#3238=AXIS2_PLACEMENT_3D('',#4650,#3656,#3657);
#3239=AXIS2_PLACEMENT_3D('',#4651,#3658,#3659);
#3240=AXIS2_PLACEMENT_3D('',#4652,#3660,#3661);
#3241=AXIS2_PLACEMENT_3D('',#4655,#3662,#3663);
#3242=AXIS2_PLACEMENT_3D('',#4658,#3666,#3667);
#3243=AXIS2_PLACEMENT_3D('',#4660,#3668,#3669);
#3244=AXIS2_PLACEMENT_3D('',#4662,#3670,#3671);
#3245=AXIS2_PLACEMENT_3D('',#4663,#3672,#3673);
#3246=AXIS2_PLACEMENT_3D('',#4664,#3674,#3675);
#3247=AXIS2_PLACEMENT_3D('',#4668,#3677,#3678);
#3248=AXIS2_PLACEMENT_3D('',#4670,#3680,#3681);
#3249=AXIS2_PLACEMENT_3D('',#4672,#3682,#3683);
#3250=AXIS2_PLACEMENT_3D('',#4674,#3684,#3685);
#3251=AXIS2_PLACEMENT_3D('',#4675,#3686,#3687);
#3252=AXIS2_PLACEMENT_3D('',#4676,#3688,#3689);
#3253=AXIS2_PLACEMENT_3D('',#4679,#3690,#3691);
#3254=AXIS2_PLACEMENT_3D('',#4682,#3694,#3695);
#3255=AXIS2_PLACEMENT_3D('',#4684,#3696,#3697);
#3256=AXIS2_PLACEMENT_3D('',#4686,#3698,#3699);
#3257=AXIS2_PLACEMENT_3D('',#4687,#3700,#3701);
#3258=AXIS2_PLACEMENT_3D('',#4688,#3702,#3703);
#3259=AXIS2_PLACEMENT_3D('',#4692,#3705,#3706);
#3260=AXIS2_PLACEMENT_3D('',#4694,#3708,#3709);
#3261=AXIS2_PLACEMENT_3D('',#4696,#3710,#3711);
#3262=AXIS2_PLACEMENT_3D('',#4698,#3712,#3713);
#3263=AXIS2_PLACEMENT_3D('',#4699,#3714,#3715);
#3264=AXIS2_PLACEMENT_3D('',#4700,#3716,#3717);
#3265=AXIS2_PLACEMENT_3D('',#4703,#3718,#3719);
#3266=AXIS2_PLACEMENT_3D('',#4706,#3722,#3723);
#3267=AXIS2_PLACEMENT_3D('',#4708,#3724,#3725);
#3268=AXIS2_PLACEMENT_3D('',#4710,#3726,#3727);
#3269=AXIS2_PLACEMENT_3D('',#4711,#3728,#3729);
#3270=AXIS2_PLACEMENT_3D('',#4712,#3730,#3731);
#3271=AXIS2_PLACEMENT_3D('',#4716,#3733,#3734);
#3272=AXIS2_PLACEMENT_3D('',#4718,#3736,#3737);
#3273=AXIS2_PLACEMENT_3D('',#4719,#3738,#3739);
#3274=AXIS2_PLACEMENT_3D('',#4720,#3740,#3741);
#3275=AXIS2_PLACEMENT_3D('',#4721,#3742,#3743);
#3276=AXIS2_PLACEMENT_3D('',#4723,#3744,#3745);
#3277=AXIS2_PLACEMENT_3D('',#4732,#3750,#3751);
#3278=AXIS2_PLACEMENT_3D('',#4738,#3755,#3756);
#3279=AXIS2_PLACEMENT_3D('',#4742,#3759,#3760);
#3280=AXIS2_PLACEMENT_3D('',#4746,#3763,#3764);
#3281=AXIS2_PLACEMENT_3D('',#4748,#3766,#3767);
#3282=AXIS2_PLACEMENT_3D('',#4751,#3769,#3770);
#3283=AXIS2_PLACEMENT_3D('',#4752,#3771,#3772);
#3284=AXIS2_PLACEMENT_3D('',#4753,#3773,#3774);
#3285=AXIS2_PLACEMENT_3D('',#4754,#3775,#3776);
#3286=AXIS2_PLACEMENT_3D('',#4757,#3777,#3778);
#3287=AXIS2_PLACEMENT_3D('',#4759,#3779,#3780);
#3288=AXIS2_PLACEMENT_3D('',#4761,#3781,#3782);
#3289=AXIS2_PLACEMENT_3D('',#4762,#3783,#3784);
#3290=AXIS2_PLACEMENT_3D('',#4763,#3785,#3786);
#3291=AXIS2_PLACEMENT_3D('',#4766,#3787,#3788);
#3292=AXIS2_PLACEMENT_3D('',#4773,#3793,#3794);
#3293=AXIS2_PLACEMENT_3D('',#4776,#3795,#3796);
#3294=AXIS2_PLACEMENT_3D('',#4777,#3797,#3798);
#3295=AXIS2_PLACEMENT_3D('',#4778,#3799,#3800);
#3296=AXIS2_PLACEMENT_3D('',#4779,#3801,#3802);
#3297=AXIS2_PLACEMENT_3D('',#4782,#3803,#3804);
#3298=AXIS2_PLACEMENT_3D('',#4785,#3807,#3808);
#3299=AXIS2_PLACEMENT_3D('',#4788,#3809,#3810);
#3300=AXIS2_PLACEMENT_3D('',#4789,#3811,#3812);
#3301=AXIS2_PLACEMENT_3D('',#4790,#3813,#3814);
#3302=AXIS2_PLACEMENT_3D('',#4791,#3815,#3816);
#3303=AXIS2_PLACEMENT_3D('',#4794,#3817,#3818);
#3304=AXIS2_PLACEMENT_3D('',#4797,#3821,#3822);
#3305=AXIS2_PLACEMENT_3D('',#4800,#3823,#3824);
#3306=AXIS2_PLACEMENT_3D('',#4801,#3825,#3826);
#3307=AXIS2_PLACEMENT_3D('',#4802,#3827,#3828);
#3308=AXIS2_PLACEMENT_3D('',#4803,#3829,#3830);
#3309=AXIS2_PLACEMENT_3D('',#4806,#3831,#3832);
#3310=AXIS2_PLACEMENT_3D('',#4809,#3835,#3836);
#3311=AXIS2_PLACEMENT_3D('',#4812,#3837,#3838);
#3312=AXIS2_PLACEMENT_3D('',#4813,#3839,#3840);
#3313=AXIS2_PLACEMENT_3D('',#4814,#3841,#3842);
#3314=AXIS2_PLACEMENT_3D('',#4815,#3843,#3844);
#3315=AXIS2_PLACEMENT_3D('',#4818,#3845,#3846);
#3316=AXIS2_PLACEMENT_3D('',#4821,#3849,#3850);
#3317=AXIS2_PLACEMENT_3D('',#4824,#3851,#3852);
#3318=AXIS2_PLACEMENT_3D('',#4825,#3853,#3854);
#3319=AXIS2_PLACEMENT_3D('',#4826,#3855,#3856);
#3320=AXIS2_PLACEMENT_3D('',#4827,#3857,#3858);
#3321=AXIS2_PLACEMENT_3D('',#4830,#3859,#3860);
#3322=AXIS2_PLACEMENT_3D('',#4833,#3863,#3864);
#3323=AXIS2_PLACEMENT_3D('',#4836,#3865,#3866);
#3324=AXIS2_PLACEMENT_3D('',#4837,#3867,#3868);
#3325=AXIS2_PLACEMENT_3D('',#4838,#3869,#3870);
#3326=AXIS2_PLACEMENT_3D('',#4839,#3871,#3872);
#3327=AXIS2_PLACEMENT_3D('',#4842,#3873,#3874);
#3328=AXIS2_PLACEMENT_3D('',#4845,#3877,#3878);
#3329=AXIS2_PLACEMENT_3D('',#4848,#3879,#3880);
#3330=AXIS2_PLACEMENT_3D('',#4849,#3881,#3882);
#3331=AXIS2_PLACEMENT_3D('',#4850,#3883,#3884);
#3332=AXIS2_PLACEMENT_3D('',#4851,#3885,#3886);
#3333=AXIS2_PLACEMENT_3D('',#4854,#3887,#3888);
#3334=AXIS2_PLACEMENT_3D('',#4857,#3891,#3892);
#3335=AXIS2_PLACEMENT_3D('',#4860,#3893,#3894);
#3336=AXIS2_PLACEMENT_3D('',#4861,#3895,#3896);
#3337=AXIS2_PLACEMENT_3D('',#4862,#3897,#3898);
#3338=AXIS2_PLACEMENT_3D('',#4863,#3899,#3900);
#3339=AXIS2_PLACEMENT_3D('',#4866,#3901,#3902);
#3340=AXIS2_PLACEMENT_3D('',#4869,#3905,#3906);
#3341=AXIS2_PLACEMENT_3D('',#4872,#3907,#3908);
#3342=AXIS2_PLACEMENT_3D('',#4873,#3909,#3910);
#3343=AXIS2_PLACEMENT_3D('',#4874,#3911,#3912);
#3344=AXIS2_PLACEMENT_3D('',#4875,#3913,#3914);
#3345=AXIS2_PLACEMENT_3D('',#4878,#3917,#3918);
#3346=AXIS2_PLACEMENT_3D('',#4884,#3922,#3923);
#3347=AXIS2_PLACEMENT_3D('',#4887,#3925,#3926);
#3348=AXIS2_PLACEMENT_3D('',#4888,#3927,#3928);
#3349=AXIS2_PLACEMENT_3D('',#4892,#3931,#3932);
#3350=AXIS2_PLACEMENT_3D('',#4895,#3934,#3935);
#3351=AXIS2_PLACEMENT_3D('',#4896,#3936,#3937);
#3352=AXIS2_PLACEMENT_3D('',#4900,#3940,#3941);
#3353=AXIS2_PLACEMENT_3D('',#4903,#3943,#3944);
#3354=AXIS2_PLACEMENT_3D('',#4904,#3945,#3946);
#3355=AXIS2_PLACEMENT_3D('',#4908,#3949,#3950);
#3356=AXIS2_PLACEMENT_3D('',#4911,#3952,#3953);
#3357=AXIS2_PLACEMENT_3D('',#4912,#3954,#3955);
#3358=AXIS2_PLACEMENT_3D('',#4949,#3961,#3962);
#3359=AXIS2_PLACEMENT_3D('',#4950,#3963,#3964);
#3360=AXIS2_PLACEMENT_3D('',#4952,#3965,#3966);
#3361=AXIS2_PLACEMENT_3D('',#4956,#3968,#3969);
#3362=AXIS2_PLACEMENT_3D('',#4960,#3971,#3972);
#3363=AXIS2_PLACEMENT_3D('',#4964,#3974,#3975);
#3364=AXIS2_PLACEMENT_3D('',#4968,#3977,#3978);
#3365=AXIS2_PLACEMENT_3D('',#4971,#3980,#3981);
#3366=AXIS2_PLACEMENT_3D('',#4984,#3988,#3989);
#3367=AXIS2_PLACEMENT_3D('',#4987,#3992,#3993);
#3368=AXIS2_PLACEMENT_3D('',#4989,#3995,#3996);
#3369=AXIS2_PLACEMENT_3D('',#4990,#3997,#3998);
#3370=AXIS2_PLACEMENT_3D('',#4993,#4001,#4002);
#3371=AXIS2_PLACEMENT_3D('',#4995,#4004,#4005);
#3372=AXIS2_PLACEMENT_3D('',#4997,#4007,#4008);
#3373=AXIS2_PLACEMENT_3D('',#4999,#4010,#4011);
#3374=AXIS2_PLACEMENT_3D('',#5001,#4013,#4014);
#3375=AXIS2_PLACEMENT_3D('',#5003,#4016,#4017);
#3376=AXIS2_PLACEMENT_3D('',#5004,#4018,#4019);
#3377=AXIS2_PLACEMENT_3D('',#5007,#4020,#4021);
#3378=AXIS2_PLACEMENT_3D('',#5011,#4023,#4024);
#3379=AXIS2_PLACEMENT_3D('',#5013,#4026,#4027);
#3380=AXIS2_PLACEMENT_3D('',#5014,#4028,#4029);
#3381=AXIS2_PLACEMENT_3D('',#5015,#4030,#4031);
#3382=AXIS2_PLACEMENT_3D('',#5016,#4032,#4033);
#3383=AXIS2_PLACEMENT_3D('',#5033,#4042,#4043);
#3384=AXIS2_PLACEMENT_3D('',#5034,#4044,#4045);
#3385=AXIS2_PLACEMENT_3D('',#5037,#4046,#4047);
#3386=AXIS2_PLACEMENT_3D('',#5038,#4048,#4049);
#3387=AXIS2_PLACEMENT_3D('',#5039,#4050,#4051);
#3388=AXIS2_PLACEMENT_3D('',#5040,#4052,#4053);
#3389=AXIS2_PLACEMENT_3D('',#5043,#4054,#4055);
#3390=AXIS2_PLACEMENT_3D('',#5046,#4058,#4059);
#3391=AXIS2_PLACEMENT_3D('',#5048,#4060,#4061);
#3392=AXIS2_PLACEMENT_3D('',#5052,#4064,#4065);
#3393=AXIS2_PLACEMENT_3D('',#5054,#4066,#4067);
#3394=AXIS2_PLACEMENT_3D('',#5057,#4069,#4070);
#3395=AXIS2_PLACEMENT_3D('',#5058,#4071,#4072);
#3396=AXIS2_PLACEMENT_3D('',#5059,#4073,#4074);
#3397=AXIS2_PLACEMENT_3D('',#5060,#4075,#4076);
#3398=AXIS2_PLACEMENT_3D('',#5062,#4077,#4078);
#3399=AXIS2_PLACEMENT_3D('',#5063,#4079,#4080);
#3400=AXIS2_PLACEMENT_3D('',#5064,#4081,#4082);
#3401=AXIS2_PLACEMENT_3D('',#5066,#4083,#4084);
#3402=AXIS2_PLACEMENT_3D('',#5068,#4086,#4087);
#3403=AXIS2_PLACEMENT_3D('',#5070,#4089,#4090);
#3404=AXIS2_PLACEMENT_3D('',#5072,#4092,#4093);
#3405=AXIS2_PLACEMENT_3D('',#5074,#4095,#4096);
#3406=AXIS2_PLACEMENT_3D('',#5076,#4098,#4099);
#3407=AXIS2_PLACEMENT_3D('',#5085,#4104,#4105);
#3408=AXIS2_PLACEMENT_3D('',#5091,#4109,#4110);
#3409=AXIS2_PLACEMENT_3D('',#5097,#4114,#4115);
#3410=AXIS2_PLACEMENT_3D('',#5100,#4118,#4119);
#3411=AXIS2_PLACEMENT_3D('',#5101,#4120,#4121);
#3412=AXIS2_PLACEMENT_3D('',#5104,#4124,#4125);
#3413=AXIS2_PLACEMENT_3D('',#5113,#4130,#4131);
#3414=AXIS2_PLACEMENT_3D('',#5119,#4135,#4136);
#3415=AXIS2_PLACEMENT_3D('',#5125,#4140,#4141);
#3416=AXIS2_PLACEMENT_3D('',#5127,#4143,#4144);
#3417=AXIS2_PLACEMENT_3D('',#5131,#4148,#4149);
#3418=AXIS2_PLACEMENT_3D('',#5133,#4151,#4152);
#3419=AXIS2_PLACEMENT_3D('',#5135,#4154,#4155);
#3420=AXIS2_PLACEMENT_3D('',#5137,#4157,#4158);
#3421=AXIS2_PLACEMENT_3D('',#5139,#4160,#4161);
#3422=AXIS2_PLACEMENT_3D('',#5140,#4162,#4163);
#3423=AXIS2_PLACEMENT_3D('',#5141,#4164,#4165);
#3424=AXIS2_PLACEMENT_3D('',#5142,#4166,#4167);
#3425=AXIS2_PLACEMENT_3D('',#5143,#4168,#4169);
#3426=AXIS2_PLACEMENT_3D('',#5152,#4174,#4175);
#3427=AXIS2_PLACEMENT_3D('',#5158,#4179,#4180);
#3428=AXIS2_PLACEMENT_3D('',#5164,#4184,#4185);
#3429=AXIS2_PLACEMENT_3D('',#5172,#4189,#4190);
#3430=AXIS2_PLACEMENT_3D('',#5176,#4192,#4193);
#3431=AXIS2_PLACEMENT_3D('',#5179,#4195,#4196);
#3432=AXIS2_PLACEMENT_3D('',#5181,#4197,#4198);
#3433=AXIS2_PLACEMENT_3D('',#5184,#4199,#4200);
#3434=AXIS2_PLACEMENT_3D('',#5188,#4202,#4203);
#3435=AXIS2_PLACEMENT_3D('',#5191,#4205,#4206);
#3436=AXIS2_PLACEMENT_3D('',#5193,#4207,#4208);
#3437=AXIS2_PLACEMENT_3D('',#5195,#4209,#4210);
#3438=AXIS2_PLACEMENT_3D('',#5197,#4211,#4212);
#3439=AXIS2_PLACEMENT_3D('',#5199,#4213,#4214);
#3440=AXIS2_PLACEMENT_3D('',#5201,#4215,#4216);
#3441=AXIS2_PLACEMENT_3D('',#5203,#4217,#4218);
#3442=AXIS2_PLACEMENT_3D('',#5205,#4219,#4220);
#3443=AXIS2_PLACEMENT_3D('',#5207,#4221,#4222);
#3444=AXIS2_PLACEMENT_3D('',#5209,#4223,#4224);
#3445=AXIS2_PLACEMENT_3D('',#5211,#4225,#4226);
#3446=AXIS2_PLACEMENT_3D('',#5214,#4227,#4228);
#3447=AXIS2_PLACEMENT_3D('',#5218,#4230,#4231);
#3448=AXIS2_PLACEMENT_3D('',#5221,#4233,#4234);
#3449=AXIS2_PLACEMENT_3D('',#5223,#4235,#4236);
#3450=AXIS2_PLACEMENT_3D('',#5225,#4237,#4238);
#3451=AXIS2_PLACEMENT_3D('',#5227,#4239,#4240);
#3452=AXIS2_PLACEMENT_3D('',#5229,#4241,#4242);
#3453=AXIS2_PLACEMENT_3D('',#5231,#4243,#4244);
#3454=AXIS2_PLACEMENT_3D('',#5233,#4245,#4246);
#3455=AXIS2_PLACEMENT_3D('',#5235,#4247,#4248);
#3456=AXIS2_PLACEMENT_3D('',#5237,#4249,#4250);
#3457=AXIS2_PLACEMENT_3D('',#5239,#4251,#4252);
#3458=AXIS2_PLACEMENT_3D('',#5241,#4253,#4254);
#3459=AXIS2_PLACEMENT_3D('',#5243,#4255,#4256);
#3460=AXIS2_PLACEMENT_3D('',#5245,#4257,#4258);
#3461=AXIS2_PLACEMENT_3D('',#5247,#4259,#4260);
#3462=AXIS2_PLACEMENT_3D('',#5249,#4261,#4262);
#3463=AXIS2_PLACEMENT_3D('',#5251,#4263,#4264);
#3464=AXIS2_PLACEMENT_3D('',#5253,#4265,#4266);
#3465=AXIS2_PLACEMENT_3D('',#5255,#4267,#4268);
#3466=AXIS2_PLACEMENT_3D('',#5257,#4269,#4270);
#3467=AXIS2_PLACEMENT_3D('',#5259,#4271,#4272);
#3468=AXIS2_PLACEMENT_3D('',#5261,#4273,#4274);
#3469=AXIS2_PLACEMENT_3D('',#5263,#4275,#4276);
#3470=AXIS2_PLACEMENT_3D('',#5264,#4277,#4278);
#3471=AXIS2_PLACEMENT_3D('',#5272,#4282,#4283);
#3472=AXIS2_PLACEMENT_3D('',#5276,#4285,#4286);
#3473=AXIS2_PLACEMENT_3D('',#5279,#4288,#4289);
#3474=AXIS2_PLACEMENT_3D('',#5281,#4290,#4291);
#3475=AXIS2_PLACEMENT_3D('',#5284,#4292,#4293);
#3476=AXIS2_PLACEMENT_3D('',#5288,#4295,#4296);
#3477=AXIS2_PLACEMENT_3D('',#5291,#4298,#4299);
#3478=AXIS2_PLACEMENT_3D('',#5293,#4300,#4301);
#3479=AXIS2_PLACEMENT_3D('',#5295,#4302,#4303);
#3480=AXIS2_PLACEMENT_3D('',#5297,#4304,#4305);
#3481=AXIS2_PLACEMENT_3D('',#5299,#4306,#4307);
#3482=AXIS2_PLACEMENT_3D('',#5301,#4308,#4309);
#3483=AXIS2_PLACEMENT_3D('',#5303,#4310,#4311);
#3484=AXIS2_PLACEMENT_3D('',#5305,#4312,#4313);
#3485=AXIS2_PLACEMENT_3D('',#5307,#4314,#4315);
#3486=AXIS2_PLACEMENT_3D('',#5309,#4316,#4317);
#3487=AXIS2_PLACEMENT_3D('',#5311,#4318,#4319);
#3488=AXIS2_PLACEMENT_3D('',#5314,#4320,#4321);
#3489=AXIS2_PLACEMENT_3D('',#5318,#4323,#4324);
#3490=AXIS2_PLACEMENT_3D('',#5321,#4326,#4327);
#3491=AXIS2_PLACEMENT_3D('',#5323,#4328,#4329);
#3492=AXIS2_PLACEMENT_3D('',#5325,#4330,#4331);
#3493=AXIS2_PLACEMENT_3D('',#5327,#4332,#4333);
#3494=AXIS2_PLACEMENT_3D('',#5329,#4334,#4335);
#3495=AXIS2_PLACEMENT_3D('',#5331,#4336,#4337);
#3496=AXIS2_PLACEMENT_3D('',#5333,#4338,#4339);
#3497=AXIS2_PLACEMENT_3D('',#5335,#4340,#4341);
#3498=AXIS2_PLACEMENT_3D('',#5337,#4342,#4343);
#3499=AXIS2_PLACEMENT_3D('',#5339,#4344,#4345);
#3500=AXIS2_PLACEMENT_3D('',#5341,#4346,#4347);
#3501=AXIS2_PLACEMENT_3D('',#5343,#4348,#4349);
#3502=AXIS2_PLACEMENT_3D('',#5345,#4350,#4351);
#3503=AXIS2_PLACEMENT_3D('',#5347,#4352,#4353);
#3504=AXIS2_PLACEMENT_3D('',#5349,#4354,#4355);
#3505=AXIS2_PLACEMENT_3D('',#5351,#4356,#4357);
#3506=AXIS2_PLACEMENT_3D('',#5353,#4358,#4359);
#3507=AXIS2_PLACEMENT_3D('',#5355,#4360,#4361);
#3508=AXIS2_PLACEMENT_3D('',#5357,#4362,#4363);
#3509=AXIS2_PLACEMENT_3D('',#5359,#4364,#4365);
#3510=AXIS2_PLACEMENT_3D('',#5361,#4366,#4367);
#3511=AXIS2_PLACEMENT_3D('',#5363,#4368,#4369);
#3512=AXIS2_PLACEMENT_3D('',#5364,#4370,#4371);
#3513=AXIS2_PLACEMENT_3D('',#5366,#4373,#4374);
#3514=AXIS2_PLACEMENT_3D('',#5368,#4376,#4377);
#3515=AXIS2_PLACEMENT_3D('',#5369,#4378,#4379);
#3516=AXIS2_PLACEMENT_3D('',#5372,#4382,#4383);
#3517=AXIS2_PLACEMENT_3D('',#5374,#4385,#4386);
#3518=AXIS2_PLACEMENT_3D('',#5376,#4388,#4389);
#3519=AXIS2_PLACEMENT_3D('',#5377,#4390,#4391);
#3520=AXIS2_PLACEMENT_3D('',#5379,#4393,#4394);
#3521=AXIS2_PLACEMENT_3D('',#5381,#4396,#4397);
#3522=AXIS2_PLACEMENT_3D('',#5384,#4400,#4401);
#3523=AXIS2_PLACEMENT_3D('',#5386,#4403,#4404);
#3524=AXIS2_PLACEMENT_3D('',#5388,#4406,#4407);
#3525=AXIS2_PLACEMENT_3D('',#5389,#4408,#4409);
#3526=AXIS2_PLACEMENT_3D('',#5391,#4411,#4412);
#3527=AXIS2_PLACEMENT_3D('',#5393,#4414,#4415);
#3528=AXIS2_PLACEMENT_3D('',#5395,#4417,#4418);
#3529=AXIS2_PLACEMENT_3D('',#5397,#4420,#4421);
#3530=AXIS2_PLACEMENT_3D('',#5399,#4423,#4424);
#3531=AXIS2_PLACEMENT_3D('',#5401,#4426,#4427);
#3532=AXIS2_PLACEMENT_3D('',#5403,#4429,#4430);
#3533=AXIS2_PLACEMENT_3D('',#5405,#4432,#4433);
#3534=AXIS2_PLACEMENT_3D('',#5407,#4435,#4436);
#3535=AXIS2_PLACEMENT_3D('',#5409,#4438,#4439);
#3536=AXIS2_PLACEMENT_3D('',#5411,#4441,#4442);
#3537=AXIS2_PLACEMENT_3D('',#5414,#4445,#4446);
#3538=AXIS2_PLACEMENT_3D('',#5416,#4448,#4449);
#3539=AXIS2_PLACEMENT_3D('',#5418,#4451,#4452);
#3540=AXIS2_PLACEMENT_3D('',#5419,#4453,#4454);
#3541=AXIS2_PLACEMENT_3D('',#5421,#4456,#4457);
#3542=AXIS2_PLACEMENT_3D('',#5423,#4459,#4460);
#3543=AXIS2_PLACEMENT_3D('',#5425,#4462,#4463);
#3544=AXIS2_PLACEMENT_3D('',#5427,#4465,#4466);
#3545=AXIS2_PLACEMENT_3D('',#5429,#4468,#4469);
#3546=AXIS2_PLACEMENT_3D('',#5431,#4471,#4472);
#3547=AXIS2_PLACEMENT_3D('',#5433,#4474,#4475);
#3548=AXIS2_PLACEMENT_3D('',#5435,#4477,#4478);
#3549=AXIS2_PLACEMENT_3D('',#5437,#4480,#4481);
#3550=AXIS2_PLACEMENT_3D('',#5439,#4483,#4484);
#3551=AXIS2_PLACEMENT_3D('',#5441,#4486,#4487);
#3552=AXIS2_PLACEMENT_3D('',#5443,#4489,#4490);
#3553=AXIS2_PLACEMENT_3D('',#5445,#4492,#4493);
#3554=AXIS2_PLACEMENT_3D('',#5447,#4495,#4496);
#3555=AXIS2_PLACEMENT_3D('',#5449,#4498,#4499);
#3556=AXIS2_PLACEMENT_3D('',#5451,#4501,#4502);
#3557=AXIS2_PLACEMENT_3D('',#5453,#4504,#4505);
#3558=AXIS2_PLACEMENT_3D('',#5455,#4507,#4508);
#3559=AXIS2_PLACEMENT_3D('',#5457,#4510,#4511);
#3560=AXIS2_PLACEMENT_3D('',#5459,#4513,#4514);
#3561=AXIS2_PLACEMENT_3D('',#5461,#4516,#4517);
#3562=AXIS2_PLACEMENT_3D('',#5463,#4519,#4520);
#3563=AXIS2_PLACEMENT_3D('',#5464,#4521,#4522);
#3564=AXIS2_PLACEMENT_3D('',#5465,#4523,#4524);
#3565=AXIS2_PLACEMENT_3D('',#5467,#4525,#4526);
#3566=AXIS2_PLACEMENT_3D('',#5469,#4527,#4528);
#3567=AXIS2_PLACEMENT_3D('',#5471,#4529,#4530);
#3568=AXIS2_PLACEMENT_3D('',#5472,#4531,#4532);
#3569=AXIS2_PLACEMENT_3D('',#5473,#4533,#4534);
#3570=AXIS2_PLACEMENT_3D('',#5475,#4535,#4536);
#3571=AXIS2_PLACEMENT_3D('',#5477,#4538,#4539);
#3572=AXIS2_PLACEMENT_3D('',#5479,#4540,#4541);
#3573=AXIS2_PLACEMENT_3D('',#5481,#4542,#4543);
#3574=AXIS2_PLACEMENT_3D('',#5482,#4544,#4545);
#3575=AXIS2_PLACEMENT_3D('',#5483,#4546,#4547);
#3576=AXIS2_PLACEMENT_3D('',#5485,#4548,#4549);
#3577=AXIS2_PLACEMENT_3D('',#5487,#4551,#4552);
#3578=AXIS2_PLACEMENT_3D('',#5489,#4553,#4554);
#3579=AXIS2_PLACEMENT_3D('',#5490,#4555,#4556);
#3580=AXIS2_PLACEMENT_3D('',#5493,#4558,#4559);
#3581=AXIS2_PLACEMENT_3D('',#5494,#4560,#4561);
#3582=AXIS2_PLACEMENT_3D('',#5496,#4562,#4563);
#3583=AXIS2_PLACEMENT_3D('',#5497,#4564,#4565);
#3584=AXIS2_PLACEMENT_3D('',#5498,#4566,#4567);
#3585=AXIS2_PLACEMENT_3D('',#5499,#4568,#4569);
#3586=AXIS2_PLACEMENT_3D('',#5503,#4571,#4572);
#3587=AXIS2_PLACEMENT_3D('',#5504,#4573,#4574);
#3588=AXIS2_PLACEMENT_3D('',#5510,#4578,#4579);
#3589=AXIS2_PLACEMENT_3D('',#5512,#4580,#4581);
#3590=AXIS2_PLACEMENT_3D('',#5515,#4583,#4584);
#3591=AXIS2_PLACEMENT_3D('',#5516,#4585,#4586);
#3592=AXIS2_PLACEMENT_3D('',#5517,#4587,#4588);
#3593=AXIS2_PLACEMENT_3D('',#5518,#4589,#4590);
#3594=AXIS2_PLACEMENT_3D('',#5519,#4591,#4592);
#3595=AXIS2_PLACEMENT_3D('',#5520,#4593,#4594);
#3596=AXIS2_PLACEMENT_3D('',#5521,#4595,#4596);
#3597=AXIS2_PLACEMENT_3D('',#5522,#4597,#4598);
#3598=DIRECTION('axis',(0.,0.,1.));
#3599=DIRECTION('refdir',(1.,0.,0.));
#3600=DIRECTION('axis',(0.,0.,1.));
#3601=DIRECTION('refdir',(1.,0.,0.));
#3602=DIRECTION('center_axis',(1.,0.,0.));
#3603=DIRECTION('ref_axis',(0.,0.707106781186549,0.707106781186546));
#3604=DIRECTION('center_axis',(1.,0.,0.));
#3605=DIRECTION('ref_axis',(0.,1.,0.));
#3606=DIRECTION('',(1.,0.,0.));
#3607=DIRECTION('center_axis',(-1.,0.,0.));
#3608=DIRECTION('ref_axis',(0.,0.,1.));
#3609=DIRECTION('',(-1.,0.,0.));
#3610=DIRECTION('center_axis',(0.,0.,-1.));
#3611=DIRECTION('ref_axis',(-1.,0.,0.));
#3612=DIRECTION('center_axis',(0.,0.,-1.));
#3613=DIRECTION('ref_axis',(0.707106781186547,0.707106781186547,0.));
#3614=DIRECTION('center_axis',(0.,1.,0.));
#3615=DIRECTION('ref_axis',(0.,0.,1.));
#3616=DIRECTION('center_axis',(0.,0.,1.));
#3617=DIRECTION('ref_axis',(0.707106781186547,0.707106781186547,0.));
#3618=DIRECTION('center_axis',(0.,1.,0.));
#3619=DIRECTION('ref_axis',(0.707106781186546,0.,0.707106781186549));
#3620=DIRECTION('center_axis',(0.,1.,0.));
#3621=DIRECTION('ref_axis',(0.,0.,1.));
#3622=DIRECTION('',(0.,1.,0.));
#3623=DIRECTION('',(0.,-1.,0.));
#3624=DIRECTION('center_axis',(0.,0.,-1.));
#3625=DIRECTION('ref_axis',(-1.,0.,0.));
#3626=DIRECTION('center_axis',(0.,0.,-1.));
#3627=DIRECTION('ref_axis',(0.980785280403231,-0.195090322016128,0.));
#3628=DIRECTION('center_axis',(0.382683432365088,0.923879532511287,0.));
#3629=DIRECTION('ref_axis',(0.,0.,1.));
#3630=DIRECTION('center_axis',(0.,0.,1.));
#3631=DIRECTION('ref_axis',(0.98078528040323,-0.195090322016128,0.));
#3632=DIRECTION('center_axis',(0.382683432365089,0.923879532511287,0.));
#3633=DIRECTION('ref_axis',(0.653281482438187,-0.270598050073099,0.707106781186549));
#3634=DIRECTION('center_axis',(0.382683432365088,0.923879532511288,0.));
#3635=DIRECTION('ref_axis',(0.,0.,1.));
#3636=DIRECTION('',(-0.382683432365089,-0.923879532511287,0.));
#3637=DIRECTION('',(-0.382683432365089,-0.923879532511287,0.));
#3638=DIRECTION('center_axis',(0.,0.,-1.));
#3639=DIRECTION('ref_axis',(-1.,0.,0.));
#3640=DIRECTION('center_axis',(0.,0.,-1.));
#3641=DIRECTION('ref_axis',(0.831469612302546,-0.555570233019602,0.));
#3642=DIRECTION('center_axis',(0.707106781186547,0.707106781186548,0.));
#3643=DIRECTION('ref_axis',(0.,0.,1.));
#3644=DIRECTION('center_axis',(0.,0.,1.));
#3645=DIRECTION('ref_axis',(0.831469612302546,-0.555570233019602,0.));
#3646=DIRECTION('center_axis',(-0.707106781186547,-0.707106781186548,0.));
#3647=DIRECTION('ref_axis',(0.5,-0.5,0.707106781186548));
#3648=DIRECTION('',(-0.707106781186547,-0.707106781186548,0.));
#3649=DIRECTION('center_axis',(0.707106781186545,0.70710678118655,0.));
#3650=DIRECTION('ref_axis',(0.,0.,1.));
#3651=DIRECTION('',(0.707106781186548,0.707106781186548,0.));
#3652=DIRECTION('center_axis',(0.,0.,-1.));
#3653=DIRECTION('ref_axis',(-1.,0.,0.));
#3654=DIRECTION('center_axis',(0.,0.,-1.));
#3655=DIRECTION('ref_axis',(0.555570233019603,-0.831469612302545,0.));
#3656=DIRECTION('center_axis',(0.923879532511288,0.382683432365088,0.));
#3657=DIRECTION('ref_axis',(0.,0.,1.));
#3658=DIRECTION('center_axis',(0.,0.,1.));
#3659=DIRECTION('ref_axis',(0.555570233019603,-0.831469612302545,0.));
#3660=DIRECTION('center_axis',(0.923879532511287,0.38268343236509,0.));
#3661=DIRECTION('ref_axis',(0.270598050073093,-0.653281482438188,0.70710678118655));
#3662=DIRECTION('center_axis',(0.923879532511287,0.38268343236509,0.));
#3663=DIRECTION('ref_axis',(0.,0.,1.));
#3664=DIRECTION('',(-0.923879532511287,-0.38268343236509,0.));
#3665=DIRECTION('',(-0.923879532511287,-0.38268343236509,0.));
#3666=DIRECTION('center_axis',(0.,0.,-1.));
#3667=DIRECTION('ref_axis',(-1.,0.,0.));
#3668=DIRECTION('center_axis',(0.,0.,-1.));
#3669=DIRECTION('ref_axis',(0.195090322016128,-0.98078528040323,0.));
#3670=DIRECTION('center_axis',(1.,0.,0.));
#3671=DIRECTION('ref_axis',(0.,0.,1.));
#3672=DIRECTION('center_axis',(0.,0.,1.));
#3673=DIRECTION('ref_axis',(0.195090322016128,-0.98078528040323,0.));
#3674=DIRECTION('center_axis',(-1.,0.,0.));
#3675=DIRECTION('ref_axis',(0.,-0.707106781186549,0.707106781186546));
#3676=DIRECTION('',(-1.,0.,0.));
#3677=DIRECTION('center_axis',(1.,0.,0.));
#3678=DIRECTION('ref_axis',(0.,0.,1.));
#3679=DIRECTION('',(1.,0.,0.));
#3680=DIRECTION('center_axis',(0.,0.,-1.));
#3681=DIRECTION('ref_axis',(-1.,0.,0.));
#3682=DIRECTION('center_axis',(0.,0.,-1.));
#3683=DIRECTION('ref_axis',(-0.195090322016128,-0.98078528040323,0.));
#3684=DIRECTION('center_axis',(0.923879532511287,-0.38268343236509,0.));
#3685=DIRECTION('ref_axis',(0.,0.,1.));
#3686=DIRECTION('center_axis',(0.,0.,1.));
#3687=DIRECTION('ref_axis',(-0.195090322016128,-0.98078528040323,0.));
#3688=DIRECTION('center_axis',(0.923879532511287,-0.382683432365089,0.));
#3689=DIRECTION('ref_axis',(-0.270598050073099,-0.653281482438187,0.707106781186549));
#3690=DIRECTION('center_axis',(0.923879532511287,-0.382683432365089,0.));
#3691=DIRECTION('ref_axis',(0.,0.,1.));
#3692=DIRECTION('',(-0.923879532511287,0.382683432365089,0.));
#3693=DIRECTION('',(-0.923879532511287,0.382683432365089,0.));
#3694=DIRECTION('center_axis',(0.,0.,-1.));
#3695=DIRECTION('ref_axis',(-1.,0.,0.));
#3696=DIRECTION('center_axis',(0.,0.,-1.));
#3697=DIRECTION('ref_axis',(-0.555570233019602,-0.831469612302546,0.));
#3698=DIRECTION('center_axis',(0.707106781186546,-0.707106781186549,0.));
#3699=DIRECTION('ref_axis',(0.,0.,1.));
#3700=DIRECTION('center_axis',(0.,0.,1.));
#3701=DIRECTION('ref_axis',(-0.555570233019602,-0.831469612302546,0.));
#3702=DIRECTION('center_axis',(-0.707106781186548,0.707106781186548,0.));
#3703=DIRECTION('ref_axis',(-0.5,-0.499999999999999,0.707106781186548));
#3704=DIRECTION('',(-0.707106781186548,0.707106781186548,0.));
#3705=DIRECTION('center_axis',(0.707106781186548,-0.707106781186548,0.));
#3706=DIRECTION('ref_axis',(0.,0.,1.));
#3707=DIRECTION('',(0.707106781186547,-0.707106781186547,0.));
#3708=DIRECTION('center_axis',(0.,0.,-1.));
#3709=DIRECTION('ref_axis',(-1.,0.,0.));
#3710=DIRECTION('center_axis',(0.,0.,-1.));
#3711=DIRECTION('ref_axis',(-0.831469612302545,-0.555570233019602,0.));
#3712=DIRECTION('center_axis',(0.38268343236509,-0.923879532511287,0.));
#3713=DIRECTION('ref_axis',(0.,0.,1.));
#3714=DIRECTION('center_axis',(0.,0.,1.));
#3715=DIRECTION('ref_axis',(-0.831469612302545,-0.555570233019602,0.));
#3716=DIRECTION('center_axis',(0.38268343236509,-0.923879532511287,0.));
#3717=DIRECTION('ref_axis',(-0.653281482438188,-0.270598050073098,0.707106781186548));
#3718=DIRECTION('center_axis',(0.382683432365089,-0.923879532511287,0.));
#3719=DIRECTION('ref_axis',(0.,0.,1.));
#3720=DIRECTION('',(-0.38268343236509,0.923879532511287,0.));
#3721=DIRECTION('',(-0.38268343236509,0.923879532511287,0.));
#3722=DIRECTION('center_axis',(0.,0.,-1.));
#3723=DIRECTION('ref_axis',(-1.,0.,0.));
#3724=DIRECTION('center_axis',(0.,0.,-1.));
#3725=DIRECTION('ref_axis',(-0.980785280403231,-0.195090322016128,0.));
#3726=DIRECTION('center_axis',(1.38777878078145E-16,-1.,0.));
#3727=DIRECTION('ref_axis',(0.,0.,1.));
#3728=DIRECTION('center_axis',(0.,0.,1.));
#3729=DIRECTION('ref_axis',(-0.98078528040323,-0.195090322016128,0.));
#3730=DIRECTION('center_axis',(0.,1.,0.));
#3731=DIRECTION('ref_axis',(-0.707106781186548,0.,0.707106781186547));
#3732=DIRECTION('',(0.,1.,0.));
#3733=DIRECTION('center_axis',(0.,-1.,0.));
#3734=DIRECTION('ref_axis',(0.,0.,1.));
#3735=DIRECTION('',(0.,1.,0.));
#3736=DIRECTION('center_axis',(0.,0.,-1.));
#3737=DIRECTION('ref_axis',(-1.,0.,0.));
#3738=DIRECTION('center_axis',(0.,0.,-1.));
#3739=DIRECTION('ref_axis',(-0.707106781186547,0.707106781186548,0.));
#3740=DIRECTION('center_axis',(0.,0.,1.));
#3741=DIRECTION('ref_axis',(-0.707106781186547,0.707106781186547,0.));
#3742=DIRECTION('center_axis',(0.,0.,1.));
#3743=DIRECTION('ref_axis',(1.,0.,0.));
#3744=DIRECTION('center_axis',(0.,0.,-1.));
#3745=DIRECTION('ref_axis',(-1.,0.,0.));
#3746=DIRECTION('',(1.,0.,0.));
#3747=DIRECTION('',(0.,-1.,0.));
#3748=DIRECTION('',(-1.,0.,0.));
#3749=DIRECTION('',(0.,1.,0.));
#3750=DIRECTION('center_axis',(0.,1.,0.));
#3751=DIRECTION('ref_axis',(1.,0.,0.));
#3752=DIRECTION('',(0.,0.,-1.));
#3753=DIRECTION('',(-1.,0.,0.));
#3754=DIRECTION('',(0.,0.,-1.));
#3755=DIRECTION('center_axis',(-1.,0.,0.));
#3756=DIRECTION('ref_axis',(0.,1.,0.));
#3757=DIRECTION('',(0.,0.,-1.));
#3758=DIRECTION('',(0.,-1.,0.));
#3759=DIRECTION('center_axis',(0.,-1.,0.));
#3760=DIRECTION('ref_axis',(-1.,0.,0.));
#3761=DIRECTION('',(0.,0.,-1.));
#3762=DIRECTION('',(1.,0.,0.));
#3763=DIRECTION('center_axis',(1.,0.,0.));
#3764=DIRECTION('ref_axis',(0.,-1.,0.));
#3765=DIRECTION('',(0.,1.,0.));
#3766=DIRECTION('center_axis',(0.,0.,-1.));
#3767=DIRECTION('ref_axis',(-1.,0.,0.));
#3768=DIRECTION('',(0.,0.,-1.));
#3769=DIRECTION('center_axis',(0.,0.,1.));
#3770=DIRECTION('ref_axis',(-1.,0.,0.));
#3771=DIRECTION('center_axis',(0.,0.,1.));
#3772=DIRECTION('ref_axis',(1.,0.,0.));
#3773=DIRECTION('axis',(0.,0.,1.));
#3774=DIRECTION('refdir',(1.,0.,0.));
#3775=DIRECTION('center_axis',(0.,0.,1.));
#3776=DIRECTION('ref_axis',(1.,0.,0.));
#3777=DIRECTION('center_axis',(-1.,0.,0.));
#3778=DIRECTION('ref_axis',(0.,1.,0.));
#3779=DIRECTION('center_axis',(0.,0.,1.));
#3780=DIRECTION('ref_axis',(-0.707106781186548,0.707106781186547,0.));
#3781=DIRECTION('center_axis',(4.44089209850062E-15,1.,0.));
#3782=DIRECTION('ref_axis',(0.,0.,-1.));
#3783=DIRECTION('center_axis',(0.,0.,-1.));
#3784=DIRECTION('ref_axis',(-0.707106781186548,0.707106781186547,0.));
#3785=DIRECTION('center_axis',(0.,1.,0.));
#3786=DIRECTION('ref_axis',(-0.707106781186547,0.,-0.707106781186548));
#3787=DIRECTION('center_axis',(0.,1.,0.));
#3788=DIRECTION('ref_axis',(0.,0.,-1.));
#3789=DIRECTION('',(0.,1.,0.));
#3790=DIRECTION('',(0.,1.,0.));
#3791=DIRECTION('',(0.,1.,0.));
#3792=DIRECTION('',(0.,-1.,0.));
#3793=DIRECTION('center_axis',(0.,0.,1.));
#3794=DIRECTION('ref_axis',(1.,0.,0.));
#3795=DIRECTION('center_axis',(-0.380036192677948,0.924971616999597,0.));
#3796=DIRECTION('ref_axis',(0.,0.,-1.));
#3797=DIRECTION('center_axis',(0.,0.,-1.));
#3798=DIRECTION('ref_axis',(-0.981063610832549,-0.193685806140257,0.));
#3799=DIRECTION('center_axis',(0.,0.,1.));
#3800=DIRECTION('ref_axis',(-0.981063610832549,-0.193685806140257,0.));
#3801=DIRECTION('center_axis',(-0.380036192677948,0.924971616999597,0.));
#3802=DIRECTION('ref_axis',(-0.654053702785502,-0.268726168938894,-0.707106781186547));
#3803=DIRECTION('center_axis',(-0.380036192677948,0.924971616999597,0.));
#3804=DIRECTION('ref_axis',(0.,0.,-1.));
#3805=DIRECTION('',(-0.380036192677948,0.924971616999597,0.));
#3806=DIRECTION('',(0.380036192677948,-0.924971616999597,0.));
#3807=DIRECTION('center_axis',(0.,0.,1.));
#3808=DIRECTION('ref_axis',(1.,0.,0.));
#3809=DIRECTION('center_axis',(-0.703045383319383,0.7111449845097,0.));
#3810=DIRECTION('ref_axis',(0.,0.,-1.));
#3811=DIRECTION('center_axis',(0.,0.,-1.));
#3812=DIRECTION('ref_axis',(-0.833848378149944,-0.551993552731106,0.));
#3813=DIRECTION('center_axis',(0.,0.,1.));
#3814=DIRECTION('ref_axis',(-0.833848378149944,-0.551993552731106,0.));
#3815=DIRECTION('center_axis',(0.703045383319384,-0.711144984509699,0.));
#3816=DIRECTION('ref_axis',(-0.502855440953611,-0.497128158027031,-0.707106781186548));
#3817=DIRECTION('center_axis',(-0.703045383319382,0.711144984509701,0.));
#3818=DIRECTION('ref_axis',(0.,0.,-1.));
#3819=DIRECTION('',(-0.703045383319384,0.711144984509699,0.));
#3820=DIRECTION('',(0.703045383319384,-0.711144984509699,0.));
#3821=DIRECTION('center_axis',(0.,0.,1.));
#3822=DIRECTION('ref_axis',(1.,0.,0.));
#3823=DIRECTION('center_axis',(-0.922779871724396,0.385327533846605,0.));
#3824=DIRECTION('ref_axis',(0.,0.,-1.));
#3825=DIRECTION('center_axis',(0.,0.,-1.));
#3826=DIRECTION('ref_axis',(-0.559136662387924,-0.829075504868943,0.));
#3827=DIRECTION('center_axis',(0.,0.,1.));
#3828=DIRECTION('ref_axis',(-0.559136662387924,-0.829075504868943,0.));
#3829=DIRECTION('center_axis',(-0.922779871724396,0.385327533846607,0.));
#3830=DIRECTION('ref_axis',(-0.272467712160824,-0.652503904838771,-0.707106781186549));
#3831=DIRECTION('center_axis',(-0.922779871724395,0.385327533846609,0.));
#3832=DIRECTION('ref_axis',(0.,0.,-1.));
#3833=DIRECTION('',(-0.922779871724396,0.385327533846607,0.));
#3834=DIRECTION('',(0.922779871724396,-0.385327533846607,0.));
#3835=DIRECTION('center_axis',(0.,0.,1.));
#3836=DIRECTION('ref_axis',(1.,0.,0.));
#3837=DIRECTION('center_axis',(-1.,-4.44089209850062E-15,0.));
#3838=DIRECTION('ref_axis',(0.,0.,-1.));
#3839=DIRECTION('center_axis',(0.,0.,-1.));
#3840=DIRECTION('ref_axis',(-0.196494437930955,-0.980504939233963,0.));
#3841=DIRECTION('center_axis',(0.,0.,1.));
#3842=DIRECTION('ref_axis',(-0.196494437930955,-0.980504939233963,0.));
#3843=DIRECTION('center_axis',(1.,0.,0.));
#3844=DIRECTION('ref_axis',(0.,-0.707106781186546,-0.707106781186549));
#3845=DIRECTION('center_axis',(-1.,0.,0.));
#3846=DIRECTION('ref_axis',(0.,0.,-1.));
#3847=DIRECTION('',(-1.,0.,0.));
#3848=DIRECTION('',(1.,0.,0.));
#3849=DIRECTION('center_axis',(0.,0.,1.));
#3850=DIRECTION('ref_axis',(1.,0.,0.));
#3851=DIRECTION('center_axis',(-0.922779871724395,-0.385327533846609,0.));
#3852=DIRECTION('ref_axis',(0.,0.,-1.));
#3853=DIRECTION('center_axis',(0.,0.,-1.));
#3854=DIRECTION('ref_axis',(0.196494437930956,-0.980504939233963,0.));
#3855=DIRECTION('center_axis',(0.,0.,1.));
#3856=DIRECTION('ref_axis',(0.196494437930956,-0.980504939233963,0.));
#3857=DIRECTION('center_axis',(-0.922779871724396,-0.385327533846607,0.));
#3858=DIRECTION('ref_axis',(0.272467712160828,-0.652503904838774,-0.707106781186545));
#3859=DIRECTION('center_axis',(-0.922779871724398,-0.385327533846602,0.));
#3860=DIRECTION('ref_axis',(0.,0.,-1.));
#3861=DIRECTION('',(-0.922779871724396,-0.385327533846607,0.));
#3862=DIRECTION('',(0.922779871724396,0.385327533846607,0.));
#3863=DIRECTION('center_axis',(0.,0.,1.));
#3864=DIRECTION('ref_axis',(1.,0.,0.));
#3865=DIRECTION('center_axis',(-0.703045383319383,-0.7111449845097,0.));
#3866=DIRECTION('ref_axis',(0.,0.,-1.));
#3867=DIRECTION('center_axis',(0.,0.,-1.));
#3868=DIRECTION('ref_axis',(0.559136662387925,-0.829075504868942,0.));
#3869=DIRECTION('center_axis',(0.,0.,1.));
#3870=DIRECTION('ref_axis',(0.559136662387925,-0.829075504868942,0.));
#3871=DIRECTION('center_axis',(0.703045383319384,0.711144984509699,0.));
#3872=DIRECTION('ref_axis',(0.502855440953605,-0.497128158027038,-0.707106781186548));
#3873=DIRECTION('center_axis',(-0.703045383319386,-0.711144984509698,0.));
#3874=DIRECTION('ref_axis',(0.,0.,-1.));
#3875=DIRECTION('',(-0.703045383319384,-0.711144984509699,0.));
#3876=DIRECTION('',(0.703045383319384,0.711144984509699,0.));
#3877=DIRECTION('center_axis',(0.,0.,1.));
#3878=DIRECTION('ref_axis',(1.,0.,0.));
#3879=DIRECTION('center_axis',(-0.380036192677946,-0.924971616999598,0.));
#3880=DIRECTION('ref_axis',(0.,0.,-1.));
#3881=DIRECTION('center_axis',(0.,0.,-1.));
#3882=DIRECTION('ref_axis',(0.833848378149943,-0.551993552731107,0.));
#3883=DIRECTION('center_axis',(0.,0.,1.));
#3884=DIRECTION('ref_axis',(0.833848378149944,-0.551993552731107,0.));
#3885=DIRECTION('center_axis',(-0.380036192677947,-0.924971616999598,0.));
#3886=DIRECTION('ref_axis',(0.654053702785502,-0.268726168938894,-0.707106781186547));
#3887=DIRECTION('center_axis',(-0.380036192677946,-0.924971616999598,0.));
#3888=DIRECTION('ref_axis',(0.,0.,-1.));
#3889=DIRECTION('',(-0.380036192677947,-0.924971616999598,0.));
#3890=DIRECTION('',(0.380036192677947,0.924971616999598,0.));
#3891=DIRECTION('center_axis',(0.,0.,1.));
#3892=DIRECTION('ref_axis',(1.,0.,0.));
#3893=DIRECTION('center_axis',(-1.38777878078144E-16,-1.,0.));
#3894=DIRECTION('ref_axis',(0.,0.,-1.));
#3895=DIRECTION('center_axis',(0.,0.,-1.));
#3896=DIRECTION('ref_axis',(0.981063610832549,-0.193685806140257,0.));
#3897=DIRECTION('center_axis',(0.,0.,1.));
#3898=DIRECTION('ref_axis',(0.981063610832549,-0.193685806140257,0.));
#3899=DIRECTION('center_axis',(0.,1.,0.));
#3900=DIRECTION('ref_axis',(0.707106781186546,0.,-0.707106781186549));
#3901=DIRECTION('center_axis',(4.44089209850064E-15,-1.,0.));
#3902=DIRECTION('ref_axis',(0.,0.,-1.));
#3903=DIRECTION('',(0.,-1.,0.));
#3904=DIRECTION('',(0.,1.,0.));
#3905=DIRECTION('center_axis',(0.,0.,1.));
#3906=DIRECTION('ref_axis',(1.,0.,0.));
#3907=DIRECTION('center_axis',(1.,0.,0.));
#3908=DIRECTION('ref_axis',(0.,0.,-1.));
#3909=DIRECTION('center_axis',(0.,0.,-1.));
#3910=DIRECTION('ref_axis',(0.707106781186548,0.707106781186547,0.));
#3911=DIRECTION('center_axis',(0.,0.,1.));
#3912=DIRECTION('ref_axis',(0.707106781186548,0.707106781186547,0.));
#3913=DIRECTION('center_axis',(-1.,0.,0.));
#3914=DIRECTION('ref_axis',(0.,0.707106781186546,-0.707106781186549));
#3915=DIRECTION('',(1.,0.,0.));
#3916=DIRECTION('',(-1.,0.,0.));
#3917=DIRECTION('center_axis',(0.711144984509699,-0.703045383319384,0.));
#3918=DIRECTION('ref_axis',(0.,0.,-1.));
#3919=DIRECTION('',(0.,0.,-1.));
#3920=DIRECTION('',(0.703045383319384,0.711144984509699,0.));
#3921=DIRECTION('',(0.,0.,1.));
#3922=DIRECTION('center_axis',(0.,0.,1.));
#3923=DIRECTION('ref_axis',(0.833848378149944,-0.551993552731106,0.));
#3924=DIRECTION('',(0.,0.,1.));
#3925=DIRECTION('center_axis',(0.,0.,-1.));
#3926=DIRECTION('ref_axis',(0.833848378149944,-0.551993552731106,0.));
#3927=DIRECTION('center_axis',(0.924971616999598,-0.380036192677947,0.));
#3928=DIRECTION('ref_axis',(-0.380036192677947,-0.924971616999598,0.));
#3929=DIRECTION('',(0.,0.,-1.));
#3930=DIRECTION('',(0.380036192677947,0.924971616999598,0.));
#3931=DIRECTION('center_axis',(0.,0.,-1.));
#3932=DIRECTION('ref_axis',(0.981063610832549,-0.193685806140257,0.));
#3933=DIRECTION('',(0.,0.,1.));
#3934=DIRECTION('center_axis',(0.,0.,-1.));
#3935=DIRECTION('ref_axis',(0.981063610832549,-0.193685806140257,0.));
#3936=DIRECTION('center_axis',(1.,0.,0.));
#3937=DIRECTION('ref_axis',(0.,0.,-1.));
#3938=DIRECTION('',(0.,0.,-1.));
#3939=DIRECTION('',(0.,1.,0.));
#3940=DIRECTION('center_axis',(0.,0.,1.));
#3941=DIRECTION('ref_axis',(0.707106781186547,0.707106781186547,0.));
#3942=DIRECTION('',(0.,0.,1.));
#3943=DIRECTION('center_axis',(0.,0.,-1.));
#3944=DIRECTION('ref_axis',(0.707106781186547,0.707106781186547,0.));
#3945=DIRECTION('center_axis',(0.,1.,0.));
#3946=DIRECTION('ref_axis',(0.,0.,1.));
#3947=DIRECTION('',(0.,0.,-1.));
#3948=DIRECTION('',(-1.,0.,0.));
#3949=DIRECTION('center_axis',(0.,0.,1.));
#3950=DIRECTION('ref_axis',(-0.707106781186547,0.707106781186547,0.));
#3951=DIRECTION('',(0.,0.,1.));
#3952=DIRECTION('center_axis',(0.,0.,-1.));
#3953=DIRECTION('ref_axis',(-0.707106781186547,0.707106781186547,0.));
#3954=DIRECTION('center_axis',(-1.,0.,0.));
#3955=DIRECTION('ref_axis',(0.,0.,1.));
#3956=DIRECTION('',(0.,0.,-1.));
#3957=DIRECTION('',(0.,-1.,0.));
#3958=DIRECTION('',(0.,0.,1.));
#3959=DIRECTION('',(0.,0.,-1.));
#3960=DIRECTION('',(0.,-1.,0.));
#3961=DIRECTION('center_axis',(0.,0.,1.));
#3962=DIRECTION('ref_axis',(1.,0.,0.));
#3963=DIRECTION('center_axis',(0.,0.,1.));
#3964=DIRECTION('ref_axis',(1.,0.,0.));
#3965=DIRECTION('center_axis',(0.,0.,-1.));
#3966=DIRECTION('ref_axis',(-0.981063610832549,-0.193685806140257,0.));
#3967=DIRECTION('',(0.380036192677948,-0.924971616999597,0.));
#3968=DIRECTION('center_axis',(0.,0.,-1.));
#3969=DIRECTION('ref_axis',(-0.833848378149944,-0.551993552731106,0.));
#3970=DIRECTION('',(0.703045383319384,-0.711144984509699,0.));
#3971=DIRECTION('center_axis',(0.,0.,-1.));
#3972=DIRECTION('ref_axis',(-0.559136662387925,-0.829075504868942,0.));
#3973=DIRECTION('',(0.922779871724396,-0.385327533846607,0.));
#3974=DIRECTION('center_axis',(0.,0.,-1.));
#3975=DIRECTION('ref_axis',(-0.196494437930955,-0.980504939233963,0.));
#3976=DIRECTION('',(1.,0.,0.));
#3977=DIRECTION('center_axis',(0.,0.,-1.));
#3978=DIRECTION('ref_axis',(0.196494437930956,-0.980504939233963,0.));
#3979=DIRECTION('',(0.922779871724396,0.385327533846607,0.));
#3980=DIRECTION('center_axis',(0.,0.,-1.));
#3981=DIRECTION('ref_axis',(0.559136662387925,-0.829075504868942,0.));
#3982=DIRECTION('',(-0.71119163963249,-0.702998187562991,0.));
#3983=DIRECTION('',(-1.,0.,0.));
#3984=DIRECTION('',(-0.71119163963249,0.702998187562991,0.));
#3985=DIRECTION('',(-5.25626935781591E-33,1.,0.));
#3986=DIRECTION('',(1.,0.,0.));
#3987=DIRECTION('',(0.,-1.,0.));
#3988=DIRECTION('center_axis',(0.,0.,1.));
#3989=DIRECTION('ref_axis',(0.196494437930956,-0.980504939233963,0.));
#3990=DIRECTION('',(0.,0.,1.));
#3991=DIRECTION('',(0.,0.,-1.));
#3992=DIRECTION('center_axis',(0.385327533846607,-0.922779871724396,0.));
#3993=DIRECTION('ref_axis',(-0.922779871724396,-0.385327533846607,0.));
#3994=DIRECTION('',(0.,0.,-1.));
#3995=DIRECTION('center_axis',(0.,0.,-1.));
#3996=DIRECTION('ref_axis',(0.559136662387925,-0.829075504868942,0.));
#3997=DIRECTION('center_axis',(0.,0.,-1.));
#3998=DIRECTION('ref_axis',(-0.196494437930955,-0.980504939233963,0.));
#3999=DIRECTION('',(0.,0.,1.));
#4000=DIRECTION('',(0.,0.,-1.));
#4001=DIRECTION('center_axis',(-0.385327533846607,-0.922779871724396,0.));
#4002=DIRECTION('ref_axis',(-0.922779871724396,0.385327533846607,0.));
#4003=DIRECTION('',(0.,0.,1.));
#4004=DIRECTION('center_axis',(0.,0.,1.));
#4005=DIRECTION('ref_axis',(-0.559136662387925,-0.829075504868942,0.));
#4006=DIRECTION('',(0.,0.,-1.));
#4007=DIRECTION('center_axis',(-0.711144984509699,-0.703045383319384,0.));
#4008=DIRECTION('ref_axis',(0.,0.,1.));
#4009=DIRECTION('',(0.,0.,1.));
#4010=DIRECTION('center_axis',(0.,0.,-1.));
#4011=DIRECTION('ref_axis',(-0.833848378149944,-0.551993552731106,0.));
#4012=DIRECTION('',(0.,0.,-1.));
#4013=DIRECTION('center_axis',(-0.924971616999597,-0.380036192677948,0.));
#4014=DIRECTION('ref_axis',(-0.380036192677948,0.924971616999597,0.));
#4015=DIRECTION('',(0.,0.,1.));
#4016=DIRECTION('center_axis',(0.,0.,1.));
#4017=DIRECTION('ref_axis',(-0.981063610832549,-0.193685806140257,0.));
#4018=DIRECTION('center_axis',(1.,0.,0.));
#4019=DIRECTION('ref_axis',(0.,-0.707106781186548,-0.707106781186548));
#4020=DIRECTION('center_axis',(-1.,0.,0.));
#4021=DIRECTION('ref_axis',(0.,0.,-1.));
#4022=DIRECTION('',(1.,0.,0.));
#4023=DIRECTION('center_axis',(1.,5.25626935781591E-33,0.));
#4024=DIRECTION('ref_axis',(0.,-0.707106781186548,-0.707106781186548));
#4025=DIRECTION('',(-1.,0.,0.));
#4026=DIRECTION('center_axis',(0.,0.,1.));
#4027=DIRECTION('ref_axis',(1.,0.,0.));
#4028=DIRECTION('center_axis',(0.,0.,-1.));
#4029=DIRECTION('ref_axis',(-0.707106781186547,0.707106781186548,0.));
#4030=DIRECTION('center_axis',(0.,0.,1.));
#4031=DIRECTION('ref_axis',(-0.707106781186547,0.707106781186548,0.));
#4032=DIRECTION('center_axis',(0.,0.,1.));
#4033=DIRECTION('ref_axis',(1.,0.,0.));
#4034=DIRECTION('',(5.25626935781591E-33,-1.,0.));
#4035=DIRECTION('',(0.71119163963249,-0.702998187562991,0.));
#4036=DIRECTION('',(1.,0.,0.));
#4037=DIRECTION('',(0.71119163963249,0.702998187562991,0.));
#4038=DIRECTION('',(0.,1.,0.));
#4039=DIRECTION('',(-1.,0.,0.));
#4040=DIRECTION('',(5.25626935781591E-33,-1.,0.));
#4041=DIRECTION('',(1.,0.,0.));
#4042=DIRECTION('center_axis',(0.,0.,1.));
#4043=DIRECTION('ref_axis',(-0.707106781186547,-0.707106781186548,0.));
#4044=DIRECTION('center_axis',(0.,0.,-1.));
#4045=DIRECTION('ref_axis',(-1.,0.,0.));
#4046=DIRECTION('center_axis',(1.,0.,0.));
#4047=DIRECTION('ref_axis',(0.,0.,1.));
#4048=DIRECTION('center_axis',(0.,0.,1.));
#4049=DIRECTION('ref_axis',(-0.707106781186547,0.707106781186548,0.));
#4050=DIRECTION('center_axis',(0.,0.,-1.));
#4051=DIRECTION('ref_axis',(-0.707106781186547,0.707106781186548,0.));
#4052=DIRECTION('center_axis',(1.,0.,0.));
#4053=DIRECTION('ref_axis',(0.,-0.707106781186547,0.707106781186548));
#4054=DIRECTION('center_axis',(1.,5.25626935781591E-33,0.));
#4055=DIRECTION('ref_axis',(0.,-0.707106781186547,0.707106781186548));
#4056=DIRECTION('',(-1.,0.,0.));
#4057=DIRECTION('',(1.,0.,0.));
#4058=DIRECTION('center_axis',(0.,0.,1.));
#4059=DIRECTION('ref_axis',(0.,-1.,0.));
#4060=DIRECTION('center_axis',(0.,0.,-1.));
#4061=DIRECTION('ref_axis',(-0.707106781186547,-0.707106781186548,0.));
#4062=DIRECTION('',(-1.,0.,0.));
#4063=DIRECTION('',(-5.25626935781591E-33,1.,0.));
#4064=DIRECTION('center_axis',(1.,0.,0.));
#4065=DIRECTION('ref_axis',(0.,0.707106781186548,0.707106781186548));
#4066=DIRECTION('center_axis',(-1.,0.,0.));
#4067=DIRECTION('ref_axis',(0.,0.,1.));
#4068=DIRECTION('',(1.,0.,0.));
#4069=DIRECTION('center_axis',(1.,5.25626935781591E-33,0.));
#4070=DIRECTION('ref_axis',(0.,0.707106781186548,0.707106781186548));
#4071=DIRECTION('center_axis',(0.,0.,-1.));
#4072=DIRECTION('ref_axis',(-1.,0.,0.));
#4073=DIRECTION('center_axis',(0.,0.,1.));
#4074=DIRECTION('ref_axis',(-0.707106781186547,-0.707106781186548,0.));
#4075=DIRECTION('center_axis',(0.,0.,1.));
#4076=DIRECTION('ref_axis',(1.,0.,0.));
#4077=DIRECTION('center_axis',(1.,0.,0.));
#4078=DIRECTION('ref_axis',(0.,0.,-1.));
#4079=DIRECTION('center_axis',(0.,0.,-1.));
#4080=DIRECTION('ref_axis',(-0.707106781186547,-0.707106781186548,0.));
#4081=DIRECTION('center_axis',(1.,0.,0.));
#4082=DIRECTION('ref_axis',(0.,0.707106781186548,-0.707106781186547));
#4083=DIRECTION('center_axis',(1.,5.25626935781591E-33,0.));
#4084=DIRECTION('ref_axis',(0.,0.707106781186548,-0.707106781186547));
#4085=DIRECTION('',(-1.,0.,0.));
#4086=DIRECTION('center_axis',(0.,0.,-1.));
#4087=DIRECTION('ref_axis',(-0.707106781186548,0.707106781186547,0.));
#4088=DIRECTION('',(0.,0.,-1.));
#4089=DIRECTION('center_axis',(0.,-1.,0.));
#4090=DIRECTION('ref_axis',(0.,0.,-1.));
#4091=DIRECTION('',(0.,0.,1.));
#4092=DIRECTION('center_axis',(0.,0.,1.));
#4093=DIRECTION('ref_axis',(-0.707106781186548,-0.707106781186548,0.));
#4094=DIRECTION('',(0.,0.,1.));
#4095=DIRECTION('center_axis',(0.,1.,0.));
#4096=DIRECTION('ref_axis',(0.,0.,1.));
#4097=DIRECTION('',(0.,0.,-1.));
#4098=DIRECTION('center_axis',(1.,0.,0.));
#4099=DIRECTION('ref_axis',(0.,0.,-1.));
#4100=DIRECTION('',(0.,0.,1.));
#4101=DIRECTION('',(0.,1.,0.));
#4102=DIRECTION('',(0.,0.,-1.));
#4103=DIRECTION('',(0.,1.,0.));
#4104=DIRECTION('center_axis',(0.,0.,1.));
#4105=DIRECTION('ref_axis',(1.,0.,0.));
#4106=DIRECTION('',(-1.,0.,0.));
#4107=DIRECTION('',(1.,0.,0.));
#4108=DIRECTION('',(0.,1.,0.));
#4109=DIRECTION('center_axis',(-1.,0.,0.));
#4110=DIRECTION('ref_axis',(0.,0.,1.));
#4111=DIRECTION('',(0.,0.,1.));
#4112=DIRECTION('',(0.,0.,1.));
#4113=DIRECTION('',(0.,1.,0.));
#4114=DIRECTION('center_axis',(0.,0.,-1.));
#4115=DIRECTION('ref_axis',(-1.,0.,0.));
#4116=DIRECTION('',(1.,0.,0.));
#4117=DIRECTION('',(-1.,0.,0.));
#4118=DIRECTION('center_axis',(0.,1.,0.));
#4119=DIRECTION('ref_axis',(0.,0.,1.));
#4120=DIRECTION('center_axis',(0.,1.,0.));
#4121=DIRECTION('ref_axis',(-1.,0.,0.));
#4122=DIRECTION('',(0.,0.,1.));
#4123=DIRECTION('',(0.,0.,1.));
#4124=DIRECTION('center_axis',(0.,0.,1.));
#4125=DIRECTION('ref_axis',(-1.,0.,0.));
#4126=DIRECTION('',(1.,0.,0.));
#4127=DIRECTION('',(-5.25626935781591E-33,1.,0.));
#4128=DIRECTION('',(-1.,0.,0.));
#4129=DIRECTION('',(0.,-1.,0.));
#4130=DIRECTION('center_axis',(1.,0.,0.));
#4131=DIRECTION('ref_axis',(0.,0.,1.));
#4132=DIRECTION('',(0.,0.,-1.));
#4133=DIRECTION('',(0.,0.,1.));
#4134=DIRECTION('',(0.,-1.,0.));
#4135=DIRECTION('center_axis',(0.,0.,-1.));
#4136=DIRECTION('ref_axis',(1.,0.,0.));
#4137=DIRECTION('',(-1.,0.,0.));
#4138=DIRECTION('',(1.,0.,0.));
#4139=DIRECTION('',(5.25626935781591E-33,-1.,0.));
#4140=DIRECTION('center_axis',(0.,-1.,0.));
#4141=DIRECTION('ref_axis',(0.,0.,-1.));
#4142=DIRECTION('',(0.,0.,1.));
#4143=DIRECTION('center_axis',(0.,-1.,0.));
#4144=DIRECTION('ref_axis',(1.,0.,0.));
#4145=DIRECTION('',(0.,0.,1.));
#4146=DIRECTION('',(0.,0.,1.));
#4147=DIRECTION('',(0.,0.,1.));
#4148=DIRECTION('center_axis',(1.,5.25626935781591E-33,0.));
#4149=DIRECTION('ref_axis',(-5.25626935781591E-33,1.,0.));
#4150=DIRECTION('',(0.,0.,1.));
#4151=DIRECTION('center_axis',(-1.,0.,0.));
#4152=DIRECTION('ref_axis',(0.,-1.,0.));
#4153=DIRECTION('',(0.,0.,1.));
#4154=DIRECTION('center_axis',(0.702998187562991,0.71119163963249,0.));
#4155=DIRECTION('ref_axis',(-0.71119163963249,0.702998187562991,0.));
#4156=DIRECTION('',(0.,0.,1.));
#4157=DIRECTION('center_axis',(0.,1.,0.));
#4158=DIRECTION('ref_axis',(-1.,0.,0.));
#4159=DIRECTION('',(0.,0.,1.));
#4160=DIRECTION('center_axis',(-0.702998187562991,0.71119163963249,0.));
#4161=DIRECTION('ref_axis',(-0.71119163963249,-0.702998187562991,0.));
#4162=DIRECTION('center_axis',(0.,-1.,0.));
#4163=DIRECTION('ref_axis',(0.,0.,-1.));
#4164=DIRECTION('axis',(0.,0.,1.));
#4165=DIRECTION('refdir',(1.,0.,0.));
#4166=DIRECTION('axis',(0.,0.,1.));
#4167=DIRECTION('refdir',(1.,0.,0.));
#4168=DIRECTION('center_axis',(0.,-1.,0.));
#4169=DIRECTION('ref_axis',(-1.,0.,0.));
#4170=DIRECTION('',(0.,0.,1.));
#4171=DIRECTION('',(-1.,0.,0.));
#4172=DIRECTION('',(0.,0.,1.));
#4173=DIRECTION('',(-1.,0.,0.));
#4174=DIRECTION('center_axis',(1.,0.,0.));
#4175=DIRECTION('ref_axis',(0.,-1.,0.));
#4176=DIRECTION('',(0.,0.,1.));
#4177=DIRECTION('',(0.,-1.,0.));
#4178=DIRECTION('',(0.,-1.,0.));
#4179=DIRECTION('center_axis',(-0.707106781186548,-0.707106781186548,0.));
#4180=DIRECTION('ref_axis',(-0.707106781186548,0.707106781186548,0.));
#4181=DIRECTION('',(-0.707106781186548,0.707106781186548,0.));
#4182=DIRECTION('',(0.,0.,1.));
#4183=DIRECTION('',(-0.707106781186548,0.707106781186548,0.));
#4184=DIRECTION('center_axis',(0.,0.,1.));
#4185=DIRECTION('ref_axis',(1.,0.,0.));
#4186=DIRECTION('',(0.,1.,0.));
#4187=DIRECTION('',(0.707106781186548,0.707106781186548,0.));
#4188=DIRECTION('',(1.,0.,0.));
#4189=DIRECTION('center_axis',(0.,0.,-1.));
#4190=DIRECTION('ref_axis',(0.,-1.,0.));
#4191=DIRECTION('',(1.,0.,0.));
#4192=DIRECTION('center_axis',(0.,0.,-1.));
#4193=DIRECTION('ref_axis',(0.,1.,0.));
#4194=DIRECTION('',(-1.,0.,0.));
#4195=DIRECTION('center_axis',(0.,0.,-1.));
#4196=DIRECTION('ref_axis',(0.,-1.,0.));
#4197=DIRECTION('center_axis',(0.,0.,-1.));
#4198=DIRECTION('ref_axis',(0.,-1.,0.));
#4199=DIRECTION('center_axis',(0.,0.,-1.));
#4200=DIRECTION('ref_axis',(3.552713678801E-14,-1.,0.));
#4201=DIRECTION('',(1.,0.,0.));
#4202=DIRECTION('center_axis',(0.,0.,-1.));
#4203=DIRECTION('ref_axis',(-3.552713678801E-14,1.,0.));
#4204=DIRECTION('',(-1.,0.,0.));
#4205=DIRECTION('center_axis',(0.,0.,-1.));
#4206=DIRECTION('ref_axis',(0.,-1.,0.));
#4207=DIRECTION('center_axis',(0.,0.,-1.));
#4208=DIRECTION('ref_axis',(0.,-1.,0.));
#4209=DIRECTION('center_axis',(0.,0.,-1.));
#4210=DIRECTION('ref_axis',(0.,-1.,0.));
#4211=DIRECTION('center_axis',(0.,0.,-1.));
#4212=DIRECTION('ref_axis',(0.,-1.,0.));
#4213=DIRECTION('center_axis',(0.,0.,-1.));
#4214=DIRECTION('ref_axis',(0.,-1.,0.));
#4215=DIRECTION('center_axis',(0.,0.,-1.));
#4216=DIRECTION('ref_axis',(0.,-1.,0.));
#4217=DIRECTION('center_axis',(0.,0.,-1.));
#4218=DIRECTION('ref_axis',(0.,-1.,0.));
#4219=DIRECTION('center_axis',(0.,0.,-1.));
#4220=DIRECTION('ref_axis',(0.,-1.,0.));
#4221=DIRECTION('center_axis',(0.,0.,-1.));
#4222=DIRECTION('ref_axis',(0.,-1.,0.));
#4223=DIRECTION('center_axis',(0.,0.,-1.));
#4224=DIRECTION('ref_axis',(0.,-1.,0.));
#4225=DIRECTION('center_axis',(0.,0.,-1.));
#4226=DIRECTION('ref_axis',(0.,-1.,0.));
#4227=DIRECTION('center_axis',(0.,0.,-1.));
#4228=DIRECTION('ref_axis',(0.,-1.,0.));
#4229=DIRECTION('',(1.,0.,0.));
#4230=DIRECTION('center_axis',(0.,0.,-1.));
#4231=DIRECTION('ref_axis',(0.,1.,0.));
#4232=DIRECTION('',(-1.,0.,0.));
#4233=DIRECTION('center_axis',(0.,0.,-1.));
#4234=DIRECTION('ref_axis',(0.,-1.,0.));
#4235=DIRECTION('center_axis',(0.,0.,-1.));
#4236=DIRECTION('ref_axis',(0.,-1.,0.));
#4237=DIRECTION('center_axis',(0.,0.,-1.));
#4238=DIRECTION('ref_axis',(0.,-1.,0.));
#4239=DIRECTION('center_axis',(0.,0.,-1.));
#4240=DIRECTION('ref_axis',(0.,-1.,0.));
#4241=DIRECTION('center_axis',(0.,0.,-1.));
#4242=DIRECTION('ref_axis',(0.,-1.,0.));
#4243=DIRECTION('center_axis',(0.,0.,-1.));
#4244=DIRECTION('ref_axis',(0.,-1.,0.));
#4245=DIRECTION('center_axis',(0.,0.,-1.));
#4246=DIRECTION('ref_axis',(0.,-1.,0.));
#4247=DIRECTION('center_axis',(0.,0.,-1.));
#4248=DIRECTION('ref_axis',(0.,-1.,0.));
#4249=DIRECTION('center_axis',(0.,0.,-1.));
#4250=DIRECTION('ref_axis',(0.,-1.,0.));
#4251=DIRECTION('center_axis',(0.,0.,-1.));
#4252=DIRECTION('ref_axis',(0.,-1.,0.));
#4253=DIRECTION('center_axis',(0.,0.,-1.));
#4254=DIRECTION('ref_axis',(0.,-1.,0.));
#4255=DIRECTION('center_axis',(0.,0.,-1.));
#4256=DIRECTION('ref_axis',(0.,-1.,0.));
#4257=DIRECTION('center_axis',(0.,0.,-1.));
#4258=DIRECTION('ref_axis',(0.,-1.,0.));
#4259=DIRECTION('center_axis',(0.,0.,-1.));
#4260=DIRECTION('ref_axis',(0.,-1.,0.));
#4261=DIRECTION('center_axis',(0.,0.,-1.));
#4262=DIRECTION('ref_axis',(0.,-1.,0.));
#4263=DIRECTION('center_axis',(0.,0.,-1.));
#4264=DIRECTION('ref_axis',(0.,-1.,0.));
#4265=DIRECTION('center_axis',(0.,0.,-1.));
#4266=DIRECTION('ref_axis',(0.,-1.,0.));
#4267=DIRECTION('center_axis',(0.,0.,-1.));
#4268=DIRECTION('ref_axis',(0.,-1.,0.));
#4269=DIRECTION('center_axis',(0.,0.,-1.));
#4270=DIRECTION('ref_axis',(0.,-1.,0.));
#4271=DIRECTION('center_axis',(0.,0.,-1.));
#4272=DIRECTION('ref_axis',(0.,-1.,0.));
#4273=DIRECTION('center_axis',(0.,0.,-1.));
#4274=DIRECTION('ref_axis',(0.,-1.,0.));
#4275=DIRECTION('center_axis',(0.,0.,-1.));
#4276=DIRECTION('ref_axis',(0.,-1.,0.));
#4277=DIRECTION('center_axis',(0.,0.,1.));
#4278=DIRECTION('ref_axis',(1.,0.,0.));
#4279=DIRECTION('',(1.,0.,0.));
#4280=DIRECTION('',(0.707106781186548,0.707106781186548,0.));
#4281=DIRECTION('',(0.,1.,0.));
#4282=DIRECTION('center_axis',(0.,0.,-1.));
#4283=DIRECTION('ref_axis',(0.,-1.,0.));
#4284=DIRECTION('',(-1.,0.,0.));
#4285=DIRECTION('center_axis',(0.,0.,-1.));
#4286=DIRECTION('ref_axis',(0.,1.,0.));
#4287=DIRECTION('',(1.,0.,0.));
#4288=DIRECTION('center_axis',(0.,0.,-1.));
#4289=DIRECTION('ref_axis',(0.,-1.,0.));
#4290=DIRECTION('center_axis',(0.,0.,-1.));
#4291=DIRECTION('ref_axis',(0.,-1.,0.));
#4292=DIRECTION('center_axis',(0.,0.,-1.));
#4293=DIRECTION('ref_axis',(3.552713678801E-14,-1.,0.));
#4294=DIRECTION('',(-1.,0.,0.));
#4295=DIRECTION('center_axis',(0.,0.,-1.));
#4296=DIRECTION('ref_axis',(-3.552713678801E-14,1.,0.));
#4297=DIRECTION('',(1.,0.,0.));
#4298=DIRECTION('center_axis',(0.,0.,-1.));
#4299=DIRECTION('ref_axis',(0.,-1.,0.));
#4300=DIRECTION('center_axis',(0.,0.,-1.));
#4301=DIRECTION('ref_axis',(0.,-1.,0.));
#4302=DIRECTION('center_axis',(0.,0.,-1.));
#4303=DIRECTION('ref_axis',(0.,-1.,0.));
#4304=DIRECTION('center_axis',(0.,0.,-1.));
#4305=DIRECTION('ref_axis',(0.,-1.,0.));
#4306=DIRECTION('center_axis',(0.,0.,-1.));
#4307=DIRECTION('ref_axis',(0.,-1.,0.));
#4308=DIRECTION('center_axis',(0.,0.,-1.));
#4309=DIRECTION('ref_axis',(0.,-1.,0.));
#4310=DIRECTION('center_axis',(0.,0.,-1.));
#4311=DIRECTION('ref_axis',(0.,-1.,0.));
#4312=DIRECTION('center_axis',(0.,0.,-1.));
#4313=DIRECTION('ref_axis',(0.,-1.,0.));
#4314=DIRECTION('center_axis',(0.,0.,-1.));
#4315=DIRECTION('ref_axis',(0.,-1.,0.));
#4316=DIRECTION('center_axis',(0.,0.,-1.));
#4317=DIRECTION('ref_axis',(0.,-1.,0.));
#4318=DIRECTION('center_axis',(0.,0.,-1.));
#4319=DIRECTION('ref_axis',(0.,-1.,0.));
#4320=DIRECTION('center_axis',(0.,0.,-1.));
#4321=DIRECTION('ref_axis',(0.,-1.,0.));
#4322=DIRECTION('',(-1.,0.,0.));
#4323=DIRECTION('center_axis',(0.,0.,-1.));
#4324=DIRECTION('ref_axis',(0.,1.,0.));
#4325=DIRECTION('',(1.,0.,0.));
#4326=DIRECTION('center_axis',(0.,0.,-1.));
#4327=DIRECTION('ref_axis',(0.,-1.,0.));
#4328=DIRECTION('center_axis',(0.,0.,-1.));
#4329=DIRECTION('ref_axis',(0.,-1.,0.));
#4330=DIRECTION('center_axis',(0.,0.,-1.));
#4331=DIRECTION('ref_axis',(0.,-1.,0.));
#4332=DIRECTION('center_axis',(0.,0.,-1.));
#4333=DIRECTION('ref_axis',(0.,-1.,0.));
#4334=DIRECTION('center_axis',(0.,0.,-1.));
#4335=DIRECTION('ref_axis',(0.,-1.,0.));
#4336=DIRECTION('center_axis',(0.,0.,-1.));
#4337=DIRECTION('ref_axis',(0.,-1.,0.));
#4338=DIRECTION('center_axis',(0.,0.,-1.));
#4339=DIRECTION('ref_axis',(0.,-1.,0.));
#4340=DIRECTION('center_axis',(0.,0.,-1.));
#4341=DIRECTION('ref_axis',(0.,-1.,0.));
#4342=DIRECTION('center_axis',(0.,0.,-1.));
#4343=DIRECTION('ref_axis',(0.,-1.,0.));
#4344=DIRECTION('center_axis',(0.,0.,-1.));
#4345=DIRECTION('ref_axis',(0.,-1.,0.));
#4346=DIRECTION('center_axis',(0.,0.,-1.));
#4347=DIRECTION('ref_axis',(0.,-1.,0.));
#4348=DIRECTION('center_axis',(0.,0.,-1.));
#4349=DIRECTION('ref_axis',(0.,-1.,0.));
#4350=DIRECTION('center_axis',(0.,0.,-1.));
#4351=DIRECTION('ref_axis',(0.,-1.,0.));
#4352=DIRECTION('center_axis',(0.,0.,-1.));
#4353=DIRECTION('ref_axis',(0.,-1.,0.));
#4354=DIRECTION('center_axis',(0.,0.,-1.));
#4355=DIRECTION('ref_axis',(0.,-1.,0.));
#4356=DIRECTION('center_axis',(0.,0.,-1.));
#4357=DIRECTION('ref_axis',(0.,-1.,0.));
#4358=DIRECTION('center_axis',(0.,0.,-1.));
#4359=DIRECTION('ref_axis',(0.,-1.,0.));
#4360=DIRECTION('center_axis',(0.,0.,-1.));
#4361=DIRECTION('ref_axis',(0.,-1.,0.));
#4362=DIRECTION('center_axis',(0.,0.,-1.));
#4363=DIRECTION('ref_axis',(0.,-1.,0.));
#4364=DIRECTION('center_axis',(0.,0.,-1.));
#4365=DIRECTION('ref_axis',(0.,-1.,0.));
#4366=DIRECTION('center_axis',(0.,0.,-1.));
#4367=DIRECTION('ref_axis',(0.,-1.,0.));
#4368=DIRECTION('center_axis',(0.,0.,-1.));
#4369=DIRECTION('ref_axis',(0.,-1.,0.));
#4370=DIRECTION('center_axis',(0.,1.,0.));
#4371=DIRECTION('ref_axis',(1.,0.,0.));
#4372=DIRECTION('',(0.,0.,1.));
#4373=DIRECTION('center_axis',(-1.,0.,0.));
#4374=DIRECTION('ref_axis',(0.,1.,0.));
#4375=DIRECTION('',(0.,0.,1.));
#4376=DIRECTION('center_axis',(-0.707106781186548,0.707106781186548,0.));
#4377=DIRECTION('ref_axis',(0.707106781186548,0.707106781186548,0.));
#4378=DIRECTION('center_axis',(0.,0.,-1.));
#4379=DIRECTION('ref_axis',(0.,-1.,0.));
#4380=DIRECTION('',(0.,0.,1.));
#4381=DIRECTION('',(0.,0.,1.));
#4382=DIRECTION('center_axis',(0.,-1.,0.));
#4383=DIRECTION('ref_axis',(-1.,0.,0.));
#4384=DIRECTION('',(0.,0.,1.));
#4385=DIRECTION('center_axis',(0.,0.,-1.));
#4386=DIRECTION('ref_axis',(0.,1.,0.));
#4387=DIRECTION('',(0.,0.,1.));
#4388=DIRECTION('center_axis',(0.,1.,0.));
#4389=DIRECTION('ref_axis',(1.,0.,0.));
#4390=DIRECTION('center_axis',(0.,0.,-1.));
#4391=DIRECTION('ref_axis',(0.,-1.,0.));
#4392=DIRECTION('',(0.,0.,-1.));
#4393=DIRECTION('center_axis',(0.,0.,-1.));
#4394=DIRECTION('ref_axis',(0.,-1.,0.));
#4395=DIRECTION('',(0.,0.,-1.));
#4396=DIRECTION('center_axis',(0.,0.,-1.));
#4397=DIRECTION('ref_axis',(3.552713678801E-14,-1.,0.));
#4398=DIRECTION('',(0.,0.,1.));
#4399=DIRECTION('',(0.,0.,1.));
#4400=DIRECTION('center_axis',(0.,-1.,0.));
#4401=DIRECTION('ref_axis',(-1.,0.,0.));
#4402=DIRECTION('',(0.,0.,1.));
#4403=DIRECTION('center_axis',(0.,0.,-1.));
#4404=DIRECTION('ref_axis',(-3.552713678801E-14,1.,0.));
#4405=DIRECTION('',(0.,0.,1.));
#4406=DIRECTION('center_axis',(0.,1.,0.));
#4407=DIRECTION('ref_axis',(1.,0.,0.));
#4408=DIRECTION('center_axis',(0.,0.,-1.));
#4409=DIRECTION('ref_axis',(0.,-1.,0.));
#4410=DIRECTION('',(0.,0.,-1.));
#4411=DIRECTION('center_axis',(0.,0.,-1.));
#4412=DIRECTION('ref_axis',(0.,-1.,0.));
#4413=DIRECTION('',(0.,0.,-1.));
#4414=DIRECTION('center_axis',(0.,0.,-1.));
#4415=DIRECTION('ref_axis',(0.,-1.,0.));
#4416=DIRECTION('',(0.,0.,-1.));
#4417=DIRECTION('center_axis',(0.,0.,-1.));
#4418=DIRECTION('ref_axis',(0.,-1.,0.));
#4419=DIRECTION('',(0.,0.,-1.));
#4420=DIRECTION('center_axis',(0.,0.,-1.));
#4421=DIRECTION('ref_axis',(0.,-1.,0.));
#4422=DIRECTION('',(0.,0.,-1.));
#4423=DIRECTION('center_axis',(0.,0.,-1.));
#4424=DIRECTION('ref_axis',(0.,-1.,0.));
#4425=DIRECTION('',(0.,0.,-1.));
#4426=DIRECTION('center_axis',(0.,0.,-1.));
#4427=DIRECTION('ref_axis',(0.,-1.,0.));
#4428=DIRECTION('',(0.,0.,-1.));
#4429=DIRECTION('center_axis',(0.,0.,-1.));
#4430=DIRECTION('ref_axis',(0.,-1.,0.));
#4431=DIRECTION('',(0.,0.,-1.));
#4432=DIRECTION('center_axis',(0.,0.,-1.));
#4433=DIRECTION('ref_axis',(0.,-1.,0.));
#4434=DIRECTION('',(0.,0.,-1.));
#4435=DIRECTION('center_axis',(0.,0.,-1.));
#4436=DIRECTION('ref_axis',(0.,-1.,0.));
#4437=DIRECTION('',(0.,0.,-1.));
#4438=DIRECTION('center_axis',(0.,0.,-1.));
#4439=DIRECTION('ref_axis',(0.,-1.,0.));
#4440=DIRECTION('',(0.,0.,-1.));
#4441=DIRECTION('center_axis',(0.,0.,-1.));
#4442=DIRECTION('ref_axis',(0.,-1.,0.));
#4443=DIRECTION('',(0.,0.,1.));
#4444=DIRECTION('',(0.,0.,1.));
#4445=DIRECTION('center_axis',(0.,-1.,0.));
#4446=DIRECTION('ref_axis',(-1.,0.,0.));
#4447=DIRECTION('',(0.,0.,1.));
#4448=DIRECTION('center_axis',(0.,0.,-1.));
#4449=DIRECTION('ref_axis',(0.,1.,0.));
#4450=DIRECTION('',(0.,0.,1.));
#4451=DIRECTION('center_axis',(0.,1.,0.));
#4452=DIRECTION('ref_axis',(1.,0.,0.));
#4453=DIRECTION('center_axis',(0.,0.,-1.));
#4454=DIRECTION('ref_axis',(0.,-1.,0.));
#4455=DIRECTION('',(0.,0.,-1.));
#4456=DIRECTION('center_axis',(0.,0.,-1.));
#4457=DIRECTION('ref_axis',(0.,-1.,0.));
#4458=DIRECTION('',(0.,0.,-1.));
#4459=DIRECTION('center_axis',(0.,0.,-1.));
#4460=DIRECTION('ref_axis',(0.,-1.,0.));
#4461=DIRECTION('',(0.,0.,-1.));
#4462=DIRECTION('center_axis',(0.,0.,-1.));
#4463=DIRECTION('ref_axis',(0.,-1.,0.));
#4464=DIRECTION('',(0.,0.,-1.));
#4465=DIRECTION('center_axis',(0.,0.,-1.));
#4466=DIRECTION('ref_axis',(0.,-1.,0.));
#4467=DIRECTION('',(0.,0.,-1.));
#4468=DIRECTION('center_axis',(0.,0.,-1.));
#4469=DIRECTION('ref_axis',(0.,-1.,0.));
#4470=DIRECTION('',(0.,0.,-1.));
#4471=DIRECTION('center_axis',(0.,0.,-1.));
#4472=DIRECTION('ref_axis',(0.,-1.,0.));
#4473=DIRECTION('',(0.,0.,-1.));
#4474=DIRECTION('center_axis',(0.,0.,-1.));
#4475=DIRECTION('ref_axis',(0.,-1.,0.));
#4476=DIRECTION('',(0.,0.,-1.));
#4477=DIRECTION('center_axis',(0.,0.,-1.));
#4478=DIRECTION('ref_axis',(0.,-1.,0.));
#4479=DIRECTION('',(0.,0.,-1.));
#4480=DIRECTION('center_axis',(0.,0.,-1.));
#4481=DIRECTION('ref_axis',(0.,-1.,0.));
#4482=DIRECTION('',(0.,0.,-1.));
#4483=DIRECTION('center_axis',(0.,0.,-1.));
#4484=DIRECTION('ref_axis',(0.,-1.,0.));
#4485=DIRECTION('',(0.,0.,-1.));
#4486=DIRECTION('center_axis',(0.,0.,-1.));
#4487=DIRECTION('ref_axis',(0.,-1.,0.));
#4488=DIRECTION('',(0.,0.,-1.));
#4489=DIRECTION('center_axis',(0.,0.,-1.));
#4490=DIRECTION('ref_axis',(0.,-1.,0.));
#4491=DIRECTION('',(0.,0.,-1.));
#4492=DIRECTION('center_axis',(0.,0.,-1.));
#4493=DIRECTION('ref_axis',(0.,-1.,0.));
#4494=DIRECTION('',(0.,0.,-1.));
#4495=DIRECTION('center_axis',(0.,0.,-1.));
#4496=DIRECTION('ref_axis',(0.,-1.,0.));
#4497=DIRECTION('',(0.,0.,-1.));
#4498=DIRECTION('center_axis',(0.,0.,-1.));
#4499=DIRECTION('ref_axis',(0.,-1.,0.));
#4500=DIRECTION('',(0.,0.,-1.));
#4501=DIRECTION('center_axis',(0.,0.,-1.));
#4502=DIRECTION('ref_axis',(0.,-1.,0.));
#4503=DIRECTION('',(0.,0.,-1.));
#4504=DIRECTION('center_axis',(0.,0.,-1.));
#4505=DIRECTION('ref_axis',(0.,-1.,0.));
#4506=DIRECTION('',(0.,0.,-1.));
#4507=DIRECTION('center_axis',(0.,0.,-1.));
#4508=DIRECTION('ref_axis',(0.,-1.,0.));
#4509=DIRECTION('',(0.,0.,-1.));
#4510=DIRECTION('center_axis',(0.,0.,-1.));
#4511=DIRECTION('ref_axis',(0.,-1.,0.));
#4512=DIRECTION('',(0.,0.,-1.));
#4513=DIRECTION('center_axis',(0.,0.,-1.));
#4514=DIRECTION('ref_axis',(0.,-1.,0.));
#4515=DIRECTION('',(0.,0.,-1.));
#4516=DIRECTION('center_axis',(0.,0.,-1.));
#4517=DIRECTION('ref_axis',(0.,-1.,0.));
#4518=DIRECTION('',(0.,0.,-1.));
#4519=DIRECTION('',(0.,0.,1.));
#4520=DIRECTION('',(6.12323399573677E-17,1.,0.));
#4521=DIRECTION('axis',(0.,0.,1.));
#4522=DIRECTION('refdir',(1.,0.,0.));
#4523=DIRECTION('center_axis',(0.,0.,1.));
#4524=DIRECTION('ref_axis',(1.,0.,0.));
#4525=DIRECTION('center_axis',(0.,0.,1.));
#4526=DIRECTION('ref_axis',(1.,0.,0.));
#4527=DIRECTION('center_axis',(1.22464679914735E-16,-1.,0.));
#4528=DIRECTION('ref_axis',(-1.,-1.22464679914735E-16,0.));
#4529=DIRECTION('center_axis',(0.,0.,-1.));
#4530=DIRECTION('ref_axis',(1.,0.,0.));
#4531=DIRECTION('center_axis',(0.,0.,-1.));
#4532=DIRECTION('ref_axis',(1.,0.,0.));
#4533=DIRECTION('center_axis',(0.,0.,-1.));
#4534=DIRECTION('ref_axis',(1.,0.,0.));
#4535=DIRECTION('center_axis',(0.,0.,-1.));
#4536=DIRECTION('ref_axis',(1.,0.,0.));
#4537=DIRECTION('',(0.,0.,1.));
#4538=DIRECTION('center_axis',(0.,0.,-1.));
#4539=DIRECTION('ref_axis',(-1.,0.,0.));
#4540=DIRECTION('center_axis',(-1.22464679914735E-16,-1.,0.));
#4541=DIRECTION('ref_axis',(1.,-1.22464679914735E-16,0.));
#4542=DIRECTION('center_axis',(0.,0.,-1.));
#4543=DIRECTION('ref_axis',(1.,0.,0.));
#4544=DIRECTION('center_axis',(0.,0.,-1.));
#4545=DIRECTION('ref_axis',(1.,0.,0.));
#4546=DIRECTION('center_axis',(0.,0.,1.));
#4547=DIRECTION('ref_axis',(1.,0.,0.));
#4548=DIRECTION('center_axis',(0.,0.,1.));
#4549=DIRECTION('ref_axis',(1.,0.,0.));
#4550=DIRECTION('',(0.,0.,-1.));
#4551=DIRECTION('center_axis',(0.,0.,-1.));
#4552=DIRECTION('ref_axis',(1.,0.,0.));
#4553=DIRECTION('center_axis',(0.,0.,1.));
#4554=DIRECTION('ref_axis',(1.,0.,0.));
#4555=DIRECTION('center_axis',(0.,0.,-1.));
#4556=DIRECTION('ref_axis',(1.,0.,0.));
#4557=DIRECTION('',(0.,0.,1.));
#4558=DIRECTION('center_axis',(0.,0.,-1.));
#4559=DIRECTION('ref_axis',(1.,0.,0.));
#4560=DIRECTION('center_axis',(0.,0.,1.));
#4561=DIRECTION('ref_axis',(1.,0.,0.));
#4562=DIRECTION('center_axis',(0.,0.,-1.));
#4563=DIRECTION('ref_axis',(1.,0.,0.));
#4564=DIRECTION('center_axis',(1.22464679914735E-16,-1.,0.));
#4565=DIRECTION('ref_axis',(-1.,-1.22464679914735E-16,0.));
#4566=DIRECTION('center_axis',(0.,0.,1.));
#4567=DIRECTION('ref_axis',(1.,0.,0.));
#4568=DIRECTION('center_axis',(0.,0.,1.));
#4569=DIRECTION('ref_axis',(1.,0.,0.));
#4570=DIRECTION('',(-2.04755965949965E-16,-1.,0.));
#4571=DIRECTION('center_axis',(0.,0.,1.));
#4572=DIRECTION('ref_axis',(1.,0.,0.));
#4573=DIRECTION('center_axis',(1.,-2.04755965949965E-16,0.));
#4574=DIRECTION('ref_axis',(2.04755965949965E-16,1.,0.));
#4575=DIRECTION('',(0.,0.,1.));
#4576=DIRECTION('',(2.04755965949965E-16,1.,0.));
#4577=DIRECTION('',(0.,0.,1.));
#4578=DIRECTION('center_axis',(0.,0.,1.));
#4579=DIRECTION('ref_axis',(1.,0.,0.));
#4580=DIRECTION('center_axis',(0.,0.,1.));
#4581=DIRECTION('ref_axis',(1.,0.,0.));
#4582=DIRECTION('',(0.,0.,1.));
#4583=DIRECTION('center_axis',(0.,0.,1.));
#4584=DIRECTION('ref_axis',(1.,0.,0.));
#4585=DIRECTION('center_axis',(0.,0.,1.));
#4586=DIRECTION('ref_axis',(1.,0.,0.));
#4587=DIRECTION('center_axis',(0.,0.,1.));
#4588=DIRECTION('ref_axis',(1.,0.,0.));
#4589=DIRECTION('center_axis',(0.,0.,1.));
#4590=DIRECTION('ref_axis',(1.,0.,0.));
#4591=DIRECTION('',(0.,0.,1.));
#4592=DIRECTION('',(1.,0.,0.));
#4593=DIRECTION('',(0.,0.,1.));
#4594=DIRECTION('',(1.,0.,0.));
#4595=DIRECTION('',(0.,0.,1.));
#4596=DIRECTION('',(1.,0.,0.));
#4597=DIRECTION('',(-2.80331313717851E-15,-1.47793197408406E-46,-0.999999999999998));
#4598=DIRECTION('',(-0.999999999999999,-1.57574965817897E-28,2.80331313717852E-15));
#4599=CARTESIAN_POINT('',(0.,0.,0.));
#4600=CARTESIAN_POINT('',(0.,0.,0.));
#4601=CARTESIAN_POINT('Origin',(43.05,32.7,0.));
#4602=CARTESIAN_POINT('',(-5.,33.7,0.));
#4603=CARTESIAN_POINT('',(-5.,32.7,1.));
#4604=CARTESIAN_POINT('Origin',(-5.,32.7,0.));
#4605=CARTESIAN_POINT('',(62.4,32.7,1.));
#4606=CARTESIAN_POINT('',(43.05,32.7,1.));
#4607=CARTESIAN_POINT('',(62.4,33.7,0.));
#4608=CARTESIAN_POINT('Origin',(62.4,32.7,0.));
#4609=CARTESIAN_POINT('',(57.4,33.7,0.));
#4610=CARTESIAN_POINT('Origin',(62.4,28.7,0.));
#4611=CARTESIAN_POINT('',(66.4,28.7,1.));
#4612=CARTESIAN_POINT('Origin',(62.4,28.7,1.));
#4613=CARTESIAN_POINT('',(67.4,28.7,0.));
#4614=CARTESIAN_POINT('Origin',(66.4,28.7,0.));
#4615=CARTESIAN_POINT('Origin',(62.4,28.7,0.));
#4616=CARTESIAN_POINT('Origin',(66.4,0.5,0.));
#4617=CARTESIAN_POINT('',(66.4,0.994561836898294,1.));
#4618=CARTESIAN_POINT('',(67.4,0.994561836898294,0.));
#4619=CARTESIAN_POINT('Origin',(66.4,0.994561836898294,0.));
#4620=CARTESIAN_POINT('',(67.4,7.70371977754894E-32,0.));
#4621=CARTESIAN_POINT('',(66.4,0.5,1.));
#4622=CARTESIAN_POINT('Origin',(62.4,0.994561836898294,0.));
#4623=CARTESIAN_POINT('',(66.0955181300451,-0.53617189256206,1.));
#4624=CARTESIAN_POINT('Origin',(62.4,0.994561836898294,1.));
#4625=CARTESIAN_POINT('',(67.0193976625564,-0.91885532492715,0.));
#4626=CARTESIAN_POINT('Origin',(66.0955181300451,-0.53617189256206,0.));
#4627=CARTESIAN_POINT('Origin',(62.4,0.994561836898294,0.));
#4628=CARTESIAN_POINT('Origin',(63.8191552707652,-6.0317979803181,0.));
#4629=CARTESIAN_POINT('',(63.9277906167978,-5.76952905457319,1.));
#4630=CARTESIAN_POINT('',(64.8516701493091,-6.15221248693828,0.));
#4631=CARTESIAN_POINT('Origin',(63.9277906167978,-5.76952905457319,0.));
#4632=CARTESIAN_POINT('',(64.4710678118655,-7.07106781186547,0.));
#4633=CARTESIAN_POINT('',(63.8191552707652,-6.0317979803181,1.));
#4634=CARTESIAN_POINT('Origin',(60.2322724867526,-4.23879532511284,0.));
#4635=CARTESIAN_POINT('',(63.0606996114988,-7.06722244985902,1.));
#4636=CARTESIAN_POINT('Origin',(60.2322724867526,-4.23879532511284,1.));
#4637=CARTESIAN_POINT('',(63.7678063926854,-7.77432923104557,0.));
#4638=CARTESIAN_POINT('Origin',(63.0606996114988,-7.06722244985902,0.));
#4639=CARTESIAN_POINT('Origin',(60.2322724867526,-4.23879532511284,0.));
#4640=CARTESIAN_POINT('Origin',(45.9889610306789,-24.1389610306789,0.));
#4641=CARTESIAN_POINT('',(42.7672224498591,-27.3606996114988,1.));
#4642=CARTESIAN_POINT('',(45.9889610306789,-24.1389610306789,1.));
#4643=CARTESIAN_POINT('',(43.4743292310456,-28.0678063926853,0.));
#4644=CARTESIAN_POINT('Origin',(42.7672224498591,-27.3606996114988,0.));
#4645=CARTESIAN_POINT('',(42.7710678118655,-28.7710678118655,0.));
#4646=CARTESIAN_POINT('Origin',(39.9387953251129,-24.5322724867526,0.));
#4647=CARTESIAN_POINT('',(41.4695290545732,-28.2277906167977,1.));
#4648=CARTESIAN_POINT('Origin',(39.9387953251129,-24.5322724867526,1.));
#4649=CARTESIAN_POINT('',(41.8522124869383,-29.151670149309,0.));
#4650=CARTESIAN_POINT('Origin',(41.4695290545732,-28.2277906167977,0.));
#4651=CARTESIAN_POINT('Origin',(39.9387953251129,-24.5322724867526,0.));
#4652=CARTESIAN_POINT('Origin',(41.6460115426912,-28.1546891766979,0.));
#4653=CARTESIAN_POINT('',(36.2361718925621,-30.3955181300451,1.));
#4654=CARTESIAN_POINT('',(36.6188553249272,-31.3193976625564,0.));
#4655=CARTESIAN_POINT('Origin',(36.2361718925621,-30.3955181300451,0.));
#4656=CARTESIAN_POINT('',(35.7,-31.7,0.));
#4657=CARTESIAN_POINT('',(41.6460115426912,-28.1546891766979,1.));
#4658=CARTESIAN_POINT('Origin',(34.7054381631017,-26.7,0.));
#4659=CARTESIAN_POINT('',(34.7054381631017,-30.7,1.));
#4660=CARTESIAN_POINT('Origin',(34.7054381631017,-26.7,1.));
#4661=CARTESIAN_POINT('',(34.7054381631017,-31.7,0.));
#4662=CARTESIAN_POINT('Origin',(34.7054381631017,-30.7,0.));
#4663=CARTESIAN_POINT('Origin',(34.7054381631017,-26.7,0.));
#4664=CARTESIAN_POINT('Origin',(25.2,-30.7,0.));
#4665=CARTESIAN_POINT('',(22.6945618368983,-30.7,1.));
#4666=CARTESIAN_POINT('',(25.2,-30.7,1.));
#4667=CARTESIAN_POINT('',(22.6945618368983,-31.7,0.));
#4668=CARTESIAN_POINT('Origin',(22.6945618368983,-30.7,0.));
#4669=CARTESIAN_POINT('',(35.7,-31.7,0.));
#4670=CARTESIAN_POINT('Origin',(22.6945618368983,-26.7,0.));
#4671=CARTESIAN_POINT('',(21.1638281074379,-30.3955181300451,1.));
#4672=CARTESIAN_POINT('Origin',(22.6945618368983,-26.7,1.));
#4673=CARTESIAN_POINT('',(20.7811446750728,-31.3193976625564,0.));
#4674=CARTESIAN_POINT('Origin',(21.1638281074379,-30.3955181300451,0.));
#4675=CARTESIAN_POINT('Origin',(22.6945618368983,-26.7,0.));
#4676=CARTESIAN_POINT('Origin',(19.2895223632415,-29.6191552707652,0.));
#4677=CARTESIAN_POINT('',(15.9304709454268,-28.2277906167978,1.));
#4678=CARTESIAN_POINT('',(15.5477875130617,-29.151670149309,0.));
#4679=CARTESIAN_POINT('Origin',(15.9304709454268,-28.2277906167978,0.));
#4680=CARTESIAN_POINT('',(14.6289321881345,-28.7710678118655,0.));
#4681=CARTESIAN_POINT('',(19.2895223632415,-29.6191552707652,1.));
#4682=CARTESIAN_POINT('Origin',(17.4612046748871,-24.5322724867526,0.));
#4683=CARTESIAN_POINT('',(14.6327775501409,-27.3606996114988,1.));
#4684=CARTESIAN_POINT('Origin',(17.4612046748871,-24.5322724867526,1.));
#4685=CARTESIAN_POINT('',(13.9256707689544,-28.0678063926853,0.));
#4686=CARTESIAN_POINT('Origin',(14.6327775501409,-27.3606996114988,0.));
#4687=CARTESIAN_POINT('Origin',(17.4612046748871,-24.5322724867526,0.));
#4688=CARTESIAN_POINT('Origin',(0.56103896932107,-13.2889610306789,0.));
#4689=CARTESIAN_POINT('',(-5.6606996114988,-7.06722244985906,1.));
#4690=CARTESIAN_POINT('',(0.56103896932107,-13.2889610306789,1.));
#4691=CARTESIAN_POINT('',(-6.36780639268535,-7.77432923104561,0.));
#4692=CARTESIAN_POINT('Origin',(-5.6606996114988,-7.06722244985906,0.));
#4693=CARTESIAN_POINT('',(-7.07106781186548,-7.07106781186548,0.));
#4694=CARTESIAN_POINT('Origin',(-2.83227248675261,-4.23879532511287,0.));
#4695=CARTESIAN_POINT('',(-6.52779061679776,-5.76952905457323,1.));
#4696=CARTESIAN_POINT('Origin',(-2.83227248675261,-4.23879532511287,1.));
#4697=CARTESIAN_POINT('',(-7.45167014930904,-6.15221248693832,0.));
#4698=CARTESIAN_POINT('Origin',(-6.52779061679776,-5.76952905457323,0.));
#4699=CARTESIAN_POINT('Origin',(-2.83227248675261,-4.23879532511287,0.));
#4700=CARTESIAN_POINT('Origin',(-4.95468917669794,-9.56733188625086,0.));
#4701=CARTESIAN_POINT('',(-8.69551813004515,-0.536171892562071,1.));
#4702=CARTESIAN_POINT('',(-9.61939766255643,-0.91885532492716,0.));
#4703=CARTESIAN_POINT('Origin',(-8.69551813004515,-0.536171892562071,0.));
#4704=CARTESIAN_POINT('',(-10.,0.,0.));
#4705=CARTESIAN_POINT('',(-4.95468917669794,-9.56733188625086,1.));
#4706=CARTESIAN_POINT('Origin',(-5.,0.994561836898287,0.));
#4707=CARTESIAN_POINT('',(-9.,0.994561836898287,1.));
#4708=CARTESIAN_POINT('Origin',(-5.,0.994561836898287,1.));
#4709=CARTESIAN_POINT('',(-10.,0.994561836898287,0.));
#4710=CARTESIAN_POINT('Origin',(-9.,0.994561836898287,0.));
#4711=CARTESIAN_POINT('Origin',(-5.,0.994561836898287,0.));
#4712=CARTESIAN_POINT('Origin',(-9.,12.35,0.));
#4713=CARTESIAN_POINT('',(-9.,28.7,1.));
#4714=CARTESIAN_POINT('',(-9.,12.35,1.));
#4715=CARTESIAN_POINT('',(-10.,28.7,0.));
#4716=CARTESIAN_POINT('Origin',(-9.,28.7,0.));
#4717=CARTESIAN_POINT('',(-10.,23.7,0.));
#4718=CARTESIAN_POINT('Origin',(-5.,28.7,0.));
#4719=CARTESIAN_POINT('Origin',(-5.,28.7,1.));
#4720=CARTESIAN_POINT('Origin',(-5.,28.7,0.));
#4721=CARTESIAN_POINT('Origin',(28.7,1.,1.));
#4722=CARTESIAN_POINT('',(38.5,-9.051,1.));
#4723=CARTESIAN_POINT('Origin',(28.5,-9.051,1.));
#4724=CARTESIAN_POINT('',(0.4,20.862,1.));
#4725=CARTESIAN_POINT('',(57.4,20.862,1.));
#4726=CARTESIAN_POINT('',(14.55,20.862,1.));
#4727=CARTESIAN_POINT('',(57.4,1.976,1.));
#4728=CARTESIAN_POINT('',(57.4,10.931,1.));
#4729=CARTESIAN_POINT('',(0.4,1.976,1.));
#4730=CARTESIAN_POINT('',(43.05,1.976,1.));
#4731=CARTESIAN_POINT('',(0.4,1.488,1.));
#4732=CARTESIAN_POINT('Origin',(0.4,20.862,1.));
#4733=CARTESIAN_POINT('',(0.4,20.862,0.));
#4734=CARTESIAN_POINT('',(0.4,20.862,1.));
#4735=CARTESIAN_POINT('',(57.4,20.862,0.));
#4736=CARTESIAN_POINT('',(14.55,20.862,0.));
#4737=CARTESIAN_POINT('',(57.4,20.862,1.));
#4738=CARTESIAN_POINT('Origin',(0.4,1.976,1.));
#4739=CARTESIAN_POINT('',(0.4,1.976,0.));
#4740=CARTESIAN_POINT('',(0.4,1.976,1.));
#4741=CARTESIAN_POINT('',(0.4,1.488,0.));
#4742=CARTESIAN_POINT('Origin',(57.4,1.976,1.));
#4743=CARTESIAN_POINT('',(57.4,1.976,0.));
#4744=CARTESIAN_POINT('',(57.4,1.976,1.));
#4745=CARTESIAN_POINT('',(43.05,1.976,0.));
#4746=CARTESIAN_POINT('Origin',(57.4,20.862,1.));
#4747=CARTESIAN_POINT('',(57.4,10.931,0.));
#4748=CARTESIAN_POINT('Origin',(28.5,-9.051,1.));
#4749=CARTESIAN_POINT('',(38.5,-9.051,0.));
#4750=CARTESIAN_POINT('',(38.5,-9.051,1.));
#4751=CARTESIAN_POINT('Origin',(28.5,-9.051,0.));
#4752=CARTESIAN_POINT('Origin',(28.7,1.,0.));
#4753=CARTESIAN_POINT('',(0.,0.,0.));
#4754=CARTESIAN_POINT('Origin',(-5.,28.95,1.));
#4755=CARTESIAN_POINT('',(-5.,33.95,1.));
#4756=CARTESIAN_POINT('',(-5.,32.95,0.));
#4757=CARTESIAN_POINT('Origin',(-5.,32.95,1.));
#4758=CARTESIAN_POINT('',(-9.,28.95,0.));
#4759=CARTESIAN_POINT('Origin',(-5.,28.95,0.));
#4760=CARTESIAN_POINT('',(-10.,28.95,1.));
#4761=CARTESIAN_POINT('Origin',(-9.,28.95,1.));
#4762=CARTESIAN_POINT('Origin',(-5.,28.95,1.));
#4763=CARTESIAN_POINT('Origin',(-9.,12.475,1.));
#4764=CARTESIAN_POINT('',(-9.,0.987121548499248,0.));
#4765=CARTESIAN_POINT('',(-10.,0.987121548499248,1.));
#4766=CARTESIAN_POINT('Origin',(-9.,0.987121548499248,1.));
#4767=CARTESIAN_POINT('',(-10.,5.23205080756888,1.));
#4768=CARTESIAN_POINT('',(-10.,12.475,1.));
#4769=CARTESIAN_POINT('',(-10.,16.7679491924311,1.));
#4770=CARTESIAN_POINT('',(-10.,14.225,1.));
#4771=CARTESIAN_POINT('',(-10.,12.475,1.));
#4772=CARTESIAN_POINT('',(-9.,12.475,0.));
#4773=CARTESIAN_POINT('Origin',(-5.,0.987121548499248,1.));
#4774=CARTESIAN_POINT('',(-8.69988646799839,-0.533023222212544,0.));
#4775=CARTESIAN_POINT('',(-9.62485808499799,-0.913059414890492,1.));
#4776=CARTESIAN_POINT('Origin',(-8.69988646799839,-0.533023222212544,1.));
#4777=CARTESIAN_POINT('Origin',(-5.,0.987121548499248,1.));
#4778=CARTESIAN_POINT('Origin',(-5.,0.987121548499248,0.));
#4779=CARTESIAN_POINT('Origin',(-5.01184237651009,-9.50936856140659,1.));
#4780=CARTESIAN_POINT('',(-6.56162014309941,-5.7373582256254,0.));
#4781=CARTESIAN_POINT('',(-7.48659176009901,-6.11739441830335,1.));
#4782=CARTESIAN_POINT('Origin',(-6.56162014309941,-5.7373582256254,1.));
#4783=CARTESIAN_POINT('',(-5.93681399350969,-9.88940475408453,1.));
#4784=CARTESIAN_POINT('',(-5.01184237651009,-9.50936856140659,0.));
#4785=CARTESIAN_POINT('Origin',(-2.86173367510102,-4.21721345491361,1.));
#4786=CARTESIAN_POINT('',(-5.70631361313982,-7.02939498819114,0.));
#4787=CARTESIAN_POINT('',(-6.41745859764952,-7.73244037151052,1.));
#4788=CARTESIAN_POINT('Origin',(-5.70631361313982,-7.02939498819114,1.));
#4789=CARTESIAN_POINT('Origin',(-2.86173367510102,-4.21721345491361,1.));
#4790=CARTESIAN_POINT('Origin',(-2.86173367510102,-4.21721345491361,0.));
#4791=CARTESIAN_POINT('Origin',(0.442526378243702,-13.2490741499823,1.));
#4792=CARTESIAN_POINT('',(14.5952391907093,-27.5648366492274,0.));
#4793=CARTESIAN_POINT('',(13.8840942061996,-28.2678820325468,1.));
#4794=CARTESIAN_POINT('Origin',(14.5952391907093,-27.5648366492274,1.));
#4795=CARTESIAN_POINT('',(-0.268618606265998,-13.9521195333017,1.));
#4796=CARTESIAN_POINT('',(0.442526378243702,-13.2490741499823,0.));
#4797=CARTESIAN_POINT('Origin',(17.4398191287481,-24.7526551159499,1.));
#4798=CARTESIAN_POINT('',(15.8985089933616,-28.4437746028475,0.));
#4799=CARTESIAN_POINT('',(15.513181459515,-29.3665544745719,1.));
#4800=CARTESIAN_POINT('Origin',(15.8985089933616,-28.4437746028475,1.));
#4801=CARTESIAN_POINT('Origin',(17.4398191287481,-24.7526551159499,1.));
#4802=CARTESIAN_POINT('Origin',(17.4398191287481,-24.7526551159499,0.));
#4803=CARTESIAN_POINT('Origin',(19.2076001447569,-29.825560196261,1.));
#4804=CARTESIAN_POINT('',(21.1606962292346,-30.6411194868976,0.));
#4805=CARTESIAN_POINT('',(20.775368695388,-31.563899358622,1.));
#4806=CARTESIAN_POINT('Origin',(21.1606962292346,-30.6411194868976,1.));
#4807=CARTESIAN_POINT('',(18.8222726109103,-30.7483400679854,1.));
#4808=CARTESIAN_POINT('',(19.2076001447569,-29.825560196261,0.));
#4809=CARTESIAN_POINT('Origin',(22.702006364621,-26.95,1.));
#4810=CARTESIAN_POINT('',(22.702006364621,-30.95,0.));
#4811=CARTESIAN_POINT('',(22.702006364621,-31.95,1.));
#4812=CARTESIAN_POINT('Origin',(22.702006364621,-30.95,1.));
#4813=CARTESIAN_POINT('Origin',(22.702006364621,-26.95,1.));
#4814=CARTESIAN_POINT('Origin',(22.702006364621,-26.95,0.));
#4815=CARTESIAN_POINT('Origin',(25.2,-30.95,1.));
#4816=CARTESIAN_POINT('',(34.697993635379,-30.95,0.));
#4817=CARTESIAN_POINT('',(34.697993635379,-31.95,1.));
#4818=CARTESIAN_POINT('Origin',(34.697993635379,-30.95,1.));
#4819=CARTESIAN_POINT('',(25.2,-31.95,1.));
#4820=CARTESIAN_POINT('',(25.2,-30.95,0.));
#4821=CARTESIAN_POINT('Origin',(34.697993635379,-26.95,1.));
#4822=CARTESIAN_POINT('',(36.2393037707654,-30.6411194868976,0.));
#4823=CARTESIAN_POINT('',(36.624631304612,-31.563899358622,1.));
#4824=CARTESIAN_POINT('Origin',(36.2393037707654,-30.6411194868976,1.));
#4825=CARTESIAN_POINT('Origin',(34.697993635379,-26.95,1.));
#4826=CARTESIAN_POINT('Origin',(34.697993635379,-26.95,0.));
#4827=CARTESIAN_POINT('Origin',(41.7481247777916,-28.3407871128579,1.));
#4828=CARTESIAN_POINT('',(41.5014910066384,-28.4437746028475,0.));
#4829=CARTESIAN_POINT('',(41.886818540485,-29.3665544745719,1.));
#4830=CARTESIAN_POINT('Origin',(41.5014910066384,-28.4437746028475,1.));
#4831=CARTESIAN_POINT('',(42.1334523116382,-29.2635669845823,1.));
#4832=CARTESIAN_POINT('',(41.7481247777916,-28.3407871128579,0.));
#4833=CARTESIAN_POINT('Origin',(39.9601808712519,-24.7526551159499,1.));
#4834=CARTESIAN_POINT('',(42.8047608092907,-27.5648366492274,0.));
#4835=CARTESIAN_POINT('',(43.5159057938004,-28.2678820325468,1.));
#4836=CARTESIAN_POINT('Origin',(42.8047608092907,-27.5648366492274,1.));
#4837=CARTESIAN_POINT('Origin',(39.9601808712519,-24.7526551159499,1.));
#4838=CARTESIAN_POINT('Origin',(39.9601808712519,-24.7526551159499,0.));
#4839=CARTESIAN_POINT('Origin',(46.1074736217563,-24.2240741499823,1.));
#4840=CARTESIAN_POINT('',(63.1063136131398,-7.02939498819114,0.));
#4841=CARTESIAN_POINT('',(63.8174585976495,-7.73244037151052,1.));
#4842=CARTESIAN_POINT('Origin',(63.1063136131398,-7.02939498819114,1.));
#4843=CARTESIAN_POINT('',(46.818618606266,-24.9271195333017,1.));
#4844=CARTESIAN_POINT('',(46.1074736217563,-24.2240741499823,0.));
#4845=CARTESIAN_POINT('Origin',(60.261733675101,-4.2172134549136,1.));
#4846=CARTESIAN_POINT('',(63.9616201430994,-5.73735822562539,0.));
#4847=CARTESIAN_POINT('',(64.886591760099,-6.11739441830334,1.));
#4848=CARTESIAN_POINT('Origin',(63.9616201430994,-5.73735822562539,1.));
#4849=CARTESIAN_POINT('Origin',(60.261733675101,-4.2172134549136,1.));
#4850=CARTESIAN_POINT('Origin',(60.261733675101,-4.2172134549136,0.));
#4851=CARTESIAN_POINT('Origin',(63.8561174539616,-5.99414164480966,1.));
#4852=CARTESIAN_POINT('',(66.0998864679984,-0.533023222212546,0.));
#4853=CARTESIAN_POINT('',(67.024858084998,-0.913059414890493,1.));
#4854=CARTESIAN_POINT('Origin',(66.0998864679984,-0.533023222212546,1.));
#4855=CARTESIAN_POINT('',(64.7810890709612,-6.37417783748761,1.));
#4856=CARTESIAN_POINT('',(63.8561174539616,-5.99414164480966,0.));
#4857=CARTESIAN_POINT('Origin',(62.4,0.987121548499243,1.));
#4858=CARTESIAN_POINT('',(66.4,0.987121548499243,0.));
#4859=CARTESIAN_POINT('',(67.4,0.987121548499243,1.));
#4860=CARTESIAN_POINT('Origin',(66.4,0.987121548499243,1.));
#4861=CARTESIAN_POINT('Origin',(62.4,0.987121548499243,1.));
#4862=CARTESIAN_POINT('Origin',(62.4,0.987121548499243,0.));
#4863=CARTESIAN_POINT('Origin',(66.4,0.5,1.));
#4864=CARTESIAN_POINT('',(66.4,28.95,0.));
#4865=CARTESIAN_POINT('',(67.4,28.95,1.));
#4866=CARTESIAN_POINT('Origin',(66.4,28.95,1.));
#4867=CARTESIAN_POINT('',(67.4,0.5,1.));
#4868=CARTESIAN_POINT('',(66.4,0.5,0.));
#4869=CARTESIAN_POINT('Origin',(62.4,28.95,1.));
#4870=CARTESIAN_POINT('',(62.4,32.95,0.));
#4871=CARTESIAN_POINT('',(62.4,33.95,1.));
#4872=CARTESIAN_POINT('Origin',(62.4,32.95,1.));
#4873=CARTESIAN_POINT('Origin',(62.4,28.95,1.));
#4874=CARTESIAN_POINT('Origin',(62.4,28.95,0.));
#4875=CARTESIAN_POINT('Origin',(43.05,32.95,1.));
#4876=CARTESIAN_POINT('',(43.05,33.95,1.));
#4877=CARTESIAN_POINT('',(43.05,32.95,0.));
#4878=CARTESIAN_POINT('Origin',(42.811449845097,-28.9804538331938,0.));
#4879=CARTESIAN_POINT('',(63.8174585976495,-7.73244037151052,19.));
#4880=CARTESIAN_POINT('',(63.8174585976495,-7.73244037151052,0.5));
#4881=CARTESIAN_POINT('',(43.5159057938004,-28.2678820325468,19.));
#4882=CARTESIAN_POINT('',(42.811449845097,-28.9804538331938,19.));
#4883=CARTESIAN_POINT('',(43.5159057938004,-28.2678820325468,0.5));
#4884=CARTESIAN_POINT('Origin',(60.261733675101,-4.2172134549136,0.5));
#4885=CARTESIAN_POINT('',(64.886591760099,-6.11739441830334,19.));
#4886=CARTESIAN_POINT('',(64.886591760099,-6.11739441830334,0.5));
#4887=CARTESIAN_POINT('Origin',(60.261733675101,-4.2172134549136,19.));
#4888=CARTESIAN_POINT('Origin',(67.4,0.,1.));
#4889=CARTESIAN_POINT('',(67.024858084998,-0.913059414890494,19.));
#4890=CARTESIAN_POINT('',(67.024858084998,-0.913059414890493,0.5));
#4891=CARTESIAN_POINT('',(64.511449845097,-7.03045383319385,19.));
#4892=CARTESIAN_POINT('Origin',(62.4,0.987121548499243,0.5));
#4893=CARTESIAN_POINT('',(67.4,0.987121548499243,19.));
#4894=CARTESIAN_POINT('',(67.4,0.987121548499243,0.5));
#4895=CARTESIAN_POINT('Origin',(62.4,0.987121548499243,19.));
#4896=CARTESIAN_POINT('Origin',(67.4,0.,0.));
#4897=CARTESIAN_POINT('',(67.4,28.95,19.));
#4898=CARTESIAN_POINT('',(67.4,28.95,0.));
#4899=CARTESIAN_POINT('',(67.4,0.,19.));
#4900=CARTESIAN_POINT('Origin',(62.4,28.95,0.));
#4901=CARTESIAN_POINT('',(62.4,33.95,19.));
#4902=CARTESIAN_POINT('',(62.4,33.95,0.));
#4903=CARTESIAN_POINT('Origin',(62.4,28.95,19.));
#4904=CARTESIAN_POINT('Origin',(57.4,33.95,0.));
#4905=CARTESIAN_POINT('',(-5.,33.95,19.));
#4906=CARTESIAN_POINT('',(-5.,33.95,0.));
#4907=CARTESIAN_POINT('',(67.4,33.95,19.));
#4908=CARTESIAN_POINT('Origin',(-5.,28.95,0.));
#4909=CARTESIAN_POINT('',(-10.,28.95,19.));
#4910=CARTESIAN_POINT('',(-10.,28.95,0.));
#4911=CARTESIAN_POINT('Origin',(-5.,28.95,19.));
#4912=CARTESIAN_POINT('Origin',(-10.,23.95,0.));
#4913=CARTESIAN_POINT('',(-10.,18.5,2.));
#4914=CARTESIAN_POINT('Ctrl Pts',(-10.,18.5,2.));
#4915=CARTESIAN_POINT('Ctrl Pts',(-10.,18.222901777919,1.72290177791904));
#4916=CARTESIAN_POINT('Ctrl Pts',(-10.,17.884776727796,1.39608728381128));
#4917=CARTESIAN_POINT('Ctrl Pts',(-10.,17.3152695268491,1.08957199989777));
#4918=CARTESIAN_POINT('Ctrl Pts',(-10.,17.0228266143067,1.));
#4919=CARTESIAN_POINT('Ctrl Pts',(-10.,16.7679491924311,1.));
#4920=CARTESIAN_POINT('',(-10.,18.5,8.));
#4921=CARTESIAN_POINT('',(-10.,18.5,0.5));
#4922=CARTESIAN_POINT('',(-10.,16.7679491924311,9.));
#4923=CARTESIAN_POINT('Ctrl Pts',(-10.,16.7679491924311,9.));
#4924=CARTESIAN_POINT('Ctrl Pts',(-10.,17.0228266143067,9.));
#4925=CARTESIAN_POINT('Ctrl Pts',(-10.,17.3152695268491,8.91042800010223));
#4926=CARTESIAN_POINT('Ctrl Pts',(-10.,17.884776727796,8.60391271618872));
#4927=CARTESIAN_POINT('Ctrl Pts',(-10.,18.222901777919,8.27709822208096));
#4928=CARTESIAN_POINT('Ctrl Pts',(-10.,18.5,8.));
#4929=CARTESIAN_POINT('',(-10.,5.23205080756888,9.));
#4930=CARTESIAN_POINT('',(-10.,20.725,9.));
#4931=CARTESIAN_POINT('',(-10.,3.5,8.));
#4932=CARTESIAN_POINT('Ctrl Pts',(-10.,3.5,8.));
#4933=CARTESIAN_POINT('Ctrl Pts',(-10.,3.77709822208096,8.27709822208096));
#4934=CARTESIAN_POINT('Ctrl Pts',(-10.,4.11522327220401,8.60391271618872));
#4935=CARTESIAN_POINT('Ctrl Pts',(-10.,4.68473047315088,8.91042800010223));
#4936=CARTESIAN_POINT('Ctrl Pts',(-10.,4.97717338569331,9.));
#4937=CARTESIAN_POINT('Ctrl Pts',(-10.,5.23205080756888,9.));
#4938=CARTESIAN_POINT('',(-10.,3.5,2.));
#4939=CARTESIAN_POINT('',(-10.,3.5,4.5));
#4940=CARTESIAN_POINT('Ctrl Pts',(-10.,5.23205080756888,1.));
#4941=CARTESIAN_POINT('Ctrl Pts',(-10.,4.97717338569331,1.));
#4942=CARTESIAN_POINT('Ctrl Pts',(-10.,4.68473047315088,1.08957199989777));
#4943=CARTESIAN_POINT('Ctrl Pts',(-10.,4.11522327220401,1.39608728381128));
#4944=CARTESIAN_POINT('Ctrl Pts',(-10.,3.77709822208096,1.72290177791904));
#4945=CARTESIAN_POINT('Ctrl Pts',(-10.,3.5,2.));
#4946=CARTESIAN_POINT('',(-10.,0.987121548499248,19.));
#4947=CARTESIAN_POINT('',(-10.,0.987121548499248,0.5));
#4948=CARTESIAN_POINT('',(-10.,33.95,19.));
#4949=CARTESIAN_POINT('Origin',(28.7,1.,0.));
#4950=CARTESIAN_POINT('Origin',(28.7,1.,19.));
#4951=CARTESIAN_POINT('',(-9.62485808499799,-0.913059414890491,19.));
#4952=CARTESIAN_POINT('Origin',(-5.,0.987121548499248,19.));
#4953=CARTESIAN_POINT('',(-7.48659176009901,-6.11739441830335,19.));
#4954=CARTESIAN_POINT('',(-10.,0.,19.));
#4955=CARTESIAN_POINT('',(-6.41745859764952,-7.73244037151052,19.));
#4956=CARTESIAN_POINT('Origin',(-2.86173367510102,-4.21721345491361,19.));
#4957=CARTESIAN_POINT('',(13.8840942061996,-28.2678820325468,19.));
#4958=CARTESIAN_POINT('',(-7.11144984509699,-7.03045383319384,19.));
#4959=CARTESIAN_POINT('',(15.513181459515,-29.3665544745719,19.));
#4960=CARTESIAN_POINT('Origin',(17.4398191287481,-24.7526551159499,19.));
#4961=CARTESIAN_POINT('',(20.775368695388,-31.563899358622,19.));
#4962=CARTESIAN_POINT('',(14.588550154903,-28.9804538331938,19.));
#4963=CARTESIAN_POINT('',(22.702006364621,-31.95,19.));
#4964=CARTESIAN_POINT('Origin',(22.702006364621,-26.95,19.));
#4965=CARTESIAN_POINT('',(34.697993635379,-31.95,19.));
#4966=CARTESIAN_POINT('',(21.7,-31.95,19.));
#4967=CARTESIAN_POINT('',(36.624631304612,-31.563899358622,19.));
#4968=CARTESIAN_POINT('Origin',(34.697993635379,-26.95,19.));
#4969=CARTESIAN_POINT('',(41.886818540485,-29.3665544745719,19.));
#4970=CARTESIAN_POINT('',(35.7,-31.95,19.));
#4971=CARTESIAN_POINT('Origin',(39.9601808712519,-24.7526551159499,19.));
#4972=CARTESIAN_POINT('',(57.4,0.,19.));
#4973=CARTESIAN_POINT('',(35.7,-21.45,19.));
#4974=CARTESIAN_POINT('',(35.7,-21.45,19.));
#4975=CARTESIAN_POINT('',(21.7,-21.45,19.));
#4976=CARTESIAN_POINT('',(35.7,-21.45,19.));
#4977=CARTESIAN_POINT('',(0.,0.,19.));
#4978=CARTESIAN_POINT('',(0.,0.,19.));
#4979=CARTESIAN_POINT('',(0.,23.45,19.));
#4980=CARTESIAN_POINT('',(-1.23259516440783E-31,23.45,19.));
#4981=CARTESIAN_POINT('',(57.4,23.45,19.));
#4982=CARTESIAN_POINT('',(57.4,23.45,19.));
#4983=CARTESIAN_POINT('',(57.4,7.70371977754894E-32,19.));
#4984=CARTESIAN_POINT('Origin',(34.697993635379,-26.95,0.5));
#4985=CARTESIAN_POINT('',(36.624631304612,-31.563899358622,0.5));
#4986=CARTESIAN_POINT('',(34.697993635379,-31.95,0.5));
#4987=CARTESIAN_POINT('Origin',(42.811449845097,-28.9804538331938,1.));
#4988=CARTESIAN_POINT('',(41.886818540485,-29.3665544745719,0.5));
#4989=CARTESIAN_POINT('Origin',(39.9601808712519,-24.7526551159499,0.5));
#4990=CARTESIAN_POINT('Origin',(22.702006364621,-26.95,0.5));
#4991=CARTESIAN_POINT('',(22.702006364621,-31.95,0.5));
#4992=CARTESIAN_POINT('',(20.775368695388,-31.563899358622,0.5));
#4993=CARTESIAN_POINT('Origin',(21.7,-31.95,1.));
#4994=CARTESIAN_POINT('',(15.513181459515,-29.3665544745719,0.5));
#4995=CARTESIAN_POINT('Origin',(17.4398191287481,-24.7526551159499,0.5));
#4996=CARTESIAN_POINT('',(13.8840942061996,-28.2678820325468,0.5));
#4997=CARTESIAN_POINT('Origin',(-7.11144984509699,-7.03045383319384,0.));
#4998=CARTESIAN_POINT('',(-6.41745859764952,-7.73244037151052,0.5));
#4999=CARTESIAN_POINT('Origin',(-2.86173367510102,-4.21721345491361,0.5));
#5000=CARTESIAN_POINT('',(-7.48659176009901,-6.11739441830335,0.5));
#5001=CARTESIAN_POINT('Origin',(-7.11144984509699,-7.03045383319384,1.));
#5002=CARTESIAN_POINT('',(-9.62485808499799,-0.913059414890492,0.5));
#5003=CARTESIAN_POINT('Origin',(-5.,0.987121548499248,0.5));
#5004=CARTESIAN_POINT('Origin',(9.35,5.5,2.));
#5005=CARTESIAN_POINT('',(-9.,5.5,1.));
#5006=CARTESIAN_POINT('',(-9.,4.5,2.));
#5007=CARTESIAN_POINT('Origin',(-9.,5.5,2.));
#5008=CARTESIAN_POINT('',(0.,4.5,2.));
#5009=CARTESIAN_POINT('',(9.35,4.5,2.));
#5010=CARTESIAN_POINT('',(0.,5.5,1.));
#5011=CARTESIAN_POINT('Origin',(0.,5.5,2.));
#5012=CARTESIAN_POINT('',(9.35,5.5,1.));
#5013=CARTESIAN_POINT('Origin',(-9.,3.5,2.));
#5014=CARTESIAN_POINT('Origin',(-9.,3.5,2.));
#5015=CARTESIAN_POINT('Origin',(-9.,3.5,1.));
#5016=CARTESIAN_POINT('Origin',(28.7,1.,1.));
#5017=CARTESIAN_POINT('',(0.,0.,1.));
#5018=CARTESIAN_POINT('',(0.,0.5,1.));
#5019=CARTESIAN_POINT('',(21.7,-21.45,1.));
#5020=CARTESIAN_POINT('',(17.8581542010274,-17.6524150973289,1.));
#5021=CARTESIAN_POINT('',(35.7,-21.45,1.));
#5022=CARTESIAN_POINT('',(32.2,-21.45,1.));
#5023=CARTESIAN_POINT('',(57.4,0.,1.));
#5024=CARTESIAN_POINT('',(50.3918457989726,-6.92741509732893,1.));
#5025=CARTESIAN_POINT('',(57.4,23.45,1.));
#5026=CARTESIAN_POINT('',(57.4,12.225,1.));
#5027=CARTESIAN_POINT('',(-1.23259516440783E-31,23.45,1.));
#5028=CARTESIAN_POINT('',(14.35,23.45,1.));
#5029=CARTESIAN_POINT('',(0.,16.5,1.));
#5030=CARTESIAN_POINT('',(0.,0.5,1.));
#5031=CARTESIAN_POINT('',(-9.,16.5,1.));
#5032=CARTESIAN_POINT('',(9.35,16.5,1.));
#5033=CARTESIAN_POINT('Origin',(-9.,18.5,1.));
#5034=CARTESIAN_POINT('Origin',(-9.,3.5,8.));
#5035=CARTESIAN_POINT('',(-9.,5.5,9.));
#5036=CARTESIAN_POINT('',(-9.,4.5,8.));
#5037=CARTESIAN_POINT('Origin',(-9.,5.5,8.));
#5038=CARTESIAN_POINT('Origin',(-9.,3.5,8.));
#5039=CARTESIAN_POINT('Origin',(-9.,3.5,9.));
#5040=CARTESIAN_POINT('Origin',(-10.,5.5,8.));
#5041=CARTESIAN_POINT('',(1.70828754129017E-32,5.5,9.));
#5042=CARTESIAN_POINT('',(0.,4.5,8.));
#5043=CARTESIAN_POINT('Origin',(0.,5.5,8.));
#5044=CARTESIAN_POINT('',(-10.,4.5,8.));
#5045=CARTESIAN_POINT('',(-10.,5.5,9.));
#5046=CARTESIAN_POINT('Origin',(-10.,17.5,9.));
#5047=CARTESIAN_POINT('',(-9.,16.5,9.));
#5048=CARTESIAN_POINT('Origin',(-9.,18.5,9.));
#5049=CARTESIAN_POINT('',(-4.07360875230733E-32,16.5,9.));
#5050=CARTESIAN_POINT('',(-10.,16.5,9.));
#5051=CARTESIAN_POINT('',(0.,8.75,9.));
#5052=CARTESIAN_POINT('Origin',(-10.,16.5,8.));
#5053=CARTESIAN_POINT('',(-9.,17.5,8.));
#5054=CARTESIAN_POINT('Origin',(-9.,16.5,8.));
#5055=CARTESIAN_POINT('',(0.,17.5,8.));
#5056=CARTESIAN_POINT('',(-10.,17.5,8.));
#5057=CARTESIAN_POINT('Origin',(0.,16.5,8.));
#5058=CARTESIAN_POINT('Origin',(-9.,18.5,8.));
#5059=CARTESIAN_POINT('Origin',(-9.,18.5,8.));
#5060=CARTESIAN_POINT('Origin',(-9.,18.5,2.));
#5061=CARTESIAN_POINT('',(-9.,17.5,2.));
#5062=CARTESIAN_POINT('Origin',(-9.,16.5,2.));
#5063=CARTESIAN_POINT('Origin',(-9.,18.5,2.));
#5064=CARTESIAN_POINT('Origin',(9.35,16.5,2.));
#5065=CARTESIAN_POINT('',(0.,17.5,2.));
#5066=CARTESIAN_POINT('Origin',(0.,16.5,2.));
#5067=CARTESIAN_POINT('',(9.35,17.5,2.));
#5068=CARTESIAN_POINT('Origin',(-9.,3.5,4.5));
#5069=CARTESIAN_POINT('',(-9.,4.5,4.5));
#5070=CARTESIAN_POINT('Origin',(-10.,4.5,9.));
#5071=CARTESIAN_POINT('',(0.,4.5,5.));
#5072=CARTESIAN_POINT('Origin',(-9.,18.5,0.5));
#5073=CARTESIAN_POINT('',(-9.,17.5,0.5));
#5074=CARTESIAN_POINT('Origin',(-10.,17.5,1.));
#5075=CARTESIAN_POINT('',(0.,17.5,1.));
#5076=CARTESIAN_POINT('Origin',(35.7,-21.45,8.2));
#5077=CARTESIAN_POINT('',(35.7,-21.45,7.7));
#5078=CARTESIAN_POINT('',(35.7,-21.45,8.2));
#5079=CARTESIAN_POINT('',(35.7,-21.45,1.));
#5080=CARTESIAN_POINT('',(35.7,-19.45,7.7));
#5081=CARTESIAN_POINT('',(35.7,-21.45,7.7));
#5082=CARTESIAN_POINT('',(35.7,-19.45,8.2));
#5083=CARTESIAN_POINT('',(35.7,-19.45,7.7));
#5084=CARTESIAN_POINT('',(35.7,-21.45,8.2));
#5085=CARTESIAN_POINT('Origin',(21.7,-21.45,8.2));
#5086=CARTESIAN_POINT('',(21.7,-21.45,8.2));
#5087=CARTESIAN_POINT('',(28.7,-21.45,8.2));
#5088=CARTESIAN_POINT('',(21.7,-19.45,8.2));
#5089=CARTESIAN_POINT('',(35.7,-19.45,8.2));
#5090=CARTESIAN_POINT('',(21.7,-21.45,8.2));
#5091=CARTESIAN_POINT('Origin',(21.7,-21.45,7.7));
#5092=CARTESIAN_POINT('',(21.7,-21.45,7.7));
#5093=CARTESIAN_POINT('',(21.7,-21.45,1.));
#5094=CARTESIAN_POINT('',(21.7,-19.45,7.7));
#5095=CARTESIAN_POINT('',(21.7,-19.45,8.2));
#5096=CARTESIAN_POINT('',(21.7,-21.45,7.7));
#5097=CARTESIAN_POINT('Origin',(35.7,-21.45,7.7));
#5098=CARTESIAN_POINT('',(35.7,-21.45,7.7));
#5099=CARTESIAN_POINT('',(21.7,-19.45,7.7));
#5100=CARTESIAN_POINT('Origin',(28.7,-19.45,7.95));
#5101=CARTESIAN_POINT('Origin',(35.7,-21.45,1.));
#5102=CARTESIAN_POINT('',(35.7,-21.45,1.));
#5103=CARTESIAN_POINT('',(21.7,-21.45,1.));
#5104=CARTESIAN_POINT('Origin',(57.0000008493662,23.45,8.2));
#5105=CARTESIAN_POINT('',(0.,23.45,8.2));
#5106=CARTESIAN_POINT('',(57.0000008493662,23.45,8.2));
#5107=CARTESIAN_POINT('',(28.5000004246831,23.45,8.2));
#5108=CARTESIAN_POINT('',(0.,21.45,8.2));
#5109=CARTESIAN_POINT('',(0.,11.725,8.2));
#5110=CARTESIAN_POINT('',(57.0000008493662,21.45,8.2));
#5111=CARTESIAN_POINT('',(57.0000008493662,21.45,8.2));
#5112=CARTESIAN_POINT('',(57.0000008493662,23.45,8.2));
#5113=CARTESIAN_POINT('Origin',(57.0000008493662,23.45,7.7));
#5114=CARTESIAN_POINT('',(57.0000008493662,23.45,7.7));
#5115=CARTESIAN_POINT('',(57.0000008493662,23.45,4.35));
#5116=CARTESIAN_POINT('',(57.0000008493662,21.45,7.7));
#5117=CARTESIAN_POINT('',(57.0000008493662,21.45,7.7));
#5118=CARTESIAN_POINT('',(57.0000008493662,23.45,7.7));
#5119=CARTESIAN_POINT('Origin',(0.,23.45,7.7));
#5120=CARTESIAN_POINT('',(0.,23.45,7.7));
#5121=CARTESIAN_POINT('',(0.,23.45,7.7));
#5122=CARTESIAN_POINT('',(0.,21.45,7.7));
#5123=CARTESIAN_POINT('',(0.,21.45,7.7));
#5124=CARTESIAN_POINT('',(-6.16297582203915E-32,11.725,7.7));
#5125=CARTESIAN_POINT('Origin',(28.5000004246831,21.45,7.95));
#5126=CARTESIAN_POINT('',(0.,21.45,4.475));
#5127=CARTESIAN_POINT('Origin',(0.,23.45,1.));
#5128=CARTESIAN_POINT('',(-1.23259516440783E-31,23.45,1.));
#5129=CARTESIAN_POINT('',(57.4,23.45,1.));
#5130=CARTESIAN_POINT('',(-1.23259516440783E-31,23.45,1.));
#5131=CARTESIAN_POINT('Origin',(0.,0.,1.));
#5132=CARTESIAN_POINT('',(0.,0.,1.));
#5133=CARTESIAN_POINT('Origin',(57.4,23.45,1.));
#5134=CARTESIAN_POINT('',(57.4,0.,1.));
#5135=CARTESIAN_POINT('Origin',(21.7,-21.45,1.));
#5136=CARTESIAN_POINT('',(21.7,-21.45,1.));
#5137=CARTESIAN_POINT('Origin',(35.7,-21.45,1.));
#5138=CARTESIAN_POINT('',(35.7,-21.45,1.));
#5139=CARTESIAN_POINT('Origin',(57.4,0.,1.));
#5140=CARTESIAN_POINT('Origin',(21.7,-31.95,0.));
#5141=CARTESIAN_POINT('',(0.,0.,0.));
#5142=CARTESIAN_POINT('',(0.,0.,0.));
#5143=CARTESIAN_POINT('Origin',(166.,-128.,0.));
#5144=CARTESIAN_POINT('',(166.,-128.,0.));
#5145=CARTESIAN_POINT('',(166.,-128.,1.51));
#5146=CARTESIAN_POINT('',(166.,-128.,0.));
#5147=CARTESIAN_POINT('',(143.,-128.,1.51));
#5148=CARTESIAN_POINT('',(166.,-128.,1.51));
#5149=CARTESIAN_POINT('',(143.,-128.,0.));
#5150=CARTESIAN_POINT('',(143.,-128.,0.));
#5151=CARTESIAN_POINT('',(166.,-128.,0.));
#5152=CARTESIAN_POINT('Origin',(166.,-71.,0.));
#5153=CARTESIAN_POINT('',(166.,-71.,0.));
#5154=CARTESIAN_POINT('',(166.,-71.,1.51));
#5155=CARTESIAN_POINT('',(166.,-71.,0.));
#5156=CARTESIAN_POINT('',(166.,-71.,1.51));
#5157=CARTESIAN_POINT('',(166.,-71.,0.));
#5158=CARTESIAN_POINT('Origin',(143.,-128.,0.));
#5159=CARTESIAN_POINT('',(121.5,-106.5,1.51));
#5160=CARTESIAN_POINT('',(143.,-128.,1.51));
#5161=CARTESIAN_POINT('',(121.5,-106.5,0.));
#5162=CARTESIAN_POINT('',(121.5,-106.5,0.));
#5163=CARTESIAN_POINT('',(143.,-128.,0.));
#5164=CARTESIAN_POINT('Origin',(0.,0.,0.));
#5165=CARTESIAN_POINT('',(121.5,-92.5,0.));
#5166=CARTESIAN_POINT('',(121.5,-106.5,0.));
#5167=CARTESIAN_POINT('',(143.,-71.,0.));
#5168=CARTESIAN_POINT('',(121.5,-92.5,0.));
#5169=CARTESIAN_POINT('',(143.,-71.,0.));
#5170=CARTESIAN_POINT('',(134.15,-104.35,0.));
#5171=CARTESIAN_POINT('',(134.15,-105.85,0.));
#5172=CARTESIAN_POINT('Origin',(134.15,-105.1,0.));
#5173=CARTESIAN_POINT('',(132.85,-104.35,0.));
#5174=CARTESIAN_POINT('',(67.075,-104.35,0.));
#5175=CARTESIAN_POINT('',(132.85,-105.85,0.));
#5176=CARTESIAN_POINT('Origin',(132.85,-105.1,0.));
#5177=CARTESIAN_POINT('',(66.425,-105.85,0.));
#5178=CARTESIAN_POINT('',(126.,-101.5,0.));
#5179=CARTESIAN_POINT('Origin',(126.,-102.,0.));
#5180=CARTESIAN_POINT('',(126.,-99.,0.));
#5181=CARTESIAN_POINT('Origin',(126.,-99.5,0.));
#5182=CARTESIAN_POINT('',(129.3,-98.7,0.));
#5183=CARTESIAN_POINT('',(129.3,-100.3,0.));
#5184=CARTESIAN_POINT('Origin',(129.3,-99.5,0.));
#5185=CARTESIAN_POINT('',(128.7,-98.7,0.));
#5186=CARTESIAN_POINT('',(64.65,-98.7,0.));
#5187=CARTESIAN_POINT('',(128.7,-100.3,0.));
#5188=CARTESIAN_POINT('Origin',(128.7,-99.5,0.));
#5189=CARTESIAN_POINT('',(64.35,-100.3,0.));
#5190=CARTESIAN_POINT('',(133.5,-98.45,0.));
#5191=CARTESIAN_POINT('Origin',(133.5,-99.5,0.));
#5192=CARTESIAN_POINT('',(140.5,-101.5,0.));
#5193=CARTESIAN_POINT('Origin',(140.5,-102.,0.));
#5194=CARTESIAN_POINT('',(148.88,-117.73,0.));
#5195=CARTESIAN_POINT('Origin',(148.88,-118.58,0.));
#5196=CARTESIAN_POINT('',(150.15,-115.29,0.));
#5197=CARTESIAN_POINT('Origin',(150.15,-116.04,0.));
#5198=CARTESIAN_POINT('',(153.96,-116.58,0.));
#5199=CARTESIAN_POINT('Origin',(153.96,-118.58,0.));
#5200=CARTESIAN_POINT('',(159.04,-117.73,0.));
#5201=CARTESIAN_POINT('Origin',(159.04,-118.58,0.));
#5202=CARTESIAN_POINT('',(156.5,-112.75,0.));
#5203=CARTESIAN_POINT('Origin',(156.5,-113.5,0.));
#5204=CARTESIAN_POINT('',(148.88,-98.73,0.));
#5205=CARTESIAN_POINT('Origin',(148.88,-99.58,0.));
#5206=CARTESIAN_POINT('',(153.96,-97.58,0.));
#5207=CARTESIAN_POINT('Origin',(153.96,-99.58,0.));
#5208=CARTESIAN_POINT('',(159.04,-98.73,0.));
#5209=CARTESIAN_POINT('Origin',(159.04,-99.58,0.));
#5210=CARTESIAN_POINT('',(126.,-96.5,0.));
#5211=CARTESIAN_POINT('Origin',(126.,-97.,0.));
#5212=CARTESIAN_POINT('',(134.15,-93.15,0.));
#5213=CARTESIAN_POINT('',(134.15,-94.65,0.));
#5214=CARTESIAN_POINT('Origin',(134.15,-93.9,0.));
#5215=CARTESIAN_POINT('',(132.85,-93.15,0.));
#5216=CARTESIAN_POINT('',(67.075,-93.15,0.));
#5217=CARTESIAN_POINT('',(132.85,-94.65,0.));
#5218=CARTESIAN_POINT('Origin',(132.85,-93.9,0.));
#5219=CARTESIAN_POINT('',(66.425,-94.65,0.));
#5220=CARTESIAN_POINT('',(140.5,-96.5,0.));
#5221=CARTESIAN_POINT('Origin',(140.5,-97.,0.));
#5222=CARTESIAN_POINT('',(150.15,-96.29,0.));
#5223=CARTESIAN_POINT('Origin',(150.15,-97.04,0.));
#5224=CARTESIAN_POINT('',(146.604,-88.93253,0.));
#5225=CARTESIAN_POINT('Origin',(146.604,-89.43253,0.));
#5226=CARTESIAN_POINT('',(146.604,-86.39253,0.));
#5227=CARTESIAN_POINT('Origin',(146.604,-86.89253,0.));
#5228=CARTESIAN_POINT('',(156.5,-93.75,0.));
#5229=CARTESIAN_POINT('Origin',(156.5,-94.5,0.));
#5230=CARTESIAN_POINT('',(161.854,-88.93253,0.));
#5231=CARTESIAN_POINT('Origin',(161.854,-89.43253,0.));
#5232=CARTESIAN_POINT('',(161.854,-86.39253,0.));
#5233=CARTESIAN_POINT('Origin',(161.854,-86.89253,0.));
#5234=CARTESIAN_POINT('',(146.604,-83.85253,0.));
#5235=CARTESIAN_POINT('Origin',(146.604,-84.35253,0.));
#5236=CARTESIAN_POINT('',(146.604,-81.31253,0.));
#5237=CARTESIAN_POINT('Origin',(146.604,-81.81253,0.));
#5238=CARTESIAN_POINT('',(148.88,-79.73,0.));
#5239=CARTESIAN_POINT('Origin',(148.88,-80.58,0.));
#5240=CARTESIAN_POINT('',(146.604,-78.77253,0.));
#5241=CARTESIAN_POINT('Origin',(146.604,-79.27253,0.));
#5242=CARTESIAN_POINT('',(146.604,-76.23253,0.));
#5243=CARTESIAN_POINT('Origin',(146.604,-76.73253,0.));
#5244=CARTESIAN_POINT('',(146.604,-73.69253,0.));
#5245=CARTESIAN_POINT('Origin',(146.604,-74.19253,0.));
#5246=CARTESIAN_POINT('',(150.15,-77.29,0.));
#5247=CARTESIAN_POINT('Origin',(150.15,-78.04,0.));
#5248=CARTESIAN_POINT('',(153.96,-78.58,0.));
#5249=CARTESIAN_POINT('Origin',(153.96,-80.58,0.));
#5250=CARTESIAN_POINT('',(161.854,-83.85253,0.));
#5251=CARTESIAN_POINT('Origin',(161.854,-84.35253,0.));
#5252=CARTESIAN_POINT('',(159.04,-79.73,0.));
#5253=CARTESIAN_POINT('Origin',(159.04,-80.58,0.));
#5254=CARTESIAN_POINT('',(161.854,-81.31253,0.));
#5255=CARTESIAN_POINT('Origin',(161.854,-81.81253,0.));
#5256=CARTESIAN_POINT('',(156.5,-74.75,0.));
#5257=CARTESIAN_POINT('Origin',(156.5,-75.5,0.));
#5258=CARTESIAN_POINT('',(161.854,-78.77253,0.));
#5259=CARTESIAN_POINT('Origin',(161.854,-79.27253,0.));
#5260=CARTESIAN_POINT('',(161.854,-76.23253,0.));
#5261=CARTESIAN_POINT('Origin',(161.854,-76.73253,0.));
#5262=CARTESIAN_POINT('',(161.854,-73.69253,0.));
#5263=CARTESIAN_POINT('Origin',(161.854,-74.19253,0.));
#5264=CARTESIAN_POINT('Origin',(0.,0.,1.51));
#5265=CARTESIAN_POINT('',(143.,-71.,1.51));
#5266=CARTESIAN_POINT('',(143.,-71.,1.51));
#5267=CARTESIAN_POINT('',(121.5,-92.5,1.51));
#5268=CARTESIAN_POINT('',(121.5,-92.5,1.51));
#5269=CARTESIAN_POINT('',(121.5,-106.5,1.51));
#5270=CARTESIAN_POINT('',(134.15,-104.35,1.51));
#5271=CARTESIAN_POINT('',(134.15,-105.85,1.51));
#5272=CARTESIAN_POINT('Origin',(134.15,-105.1,1.51));
#5273=CARTESIAN_POINT('',(132.85,-105.85,1.51));
#5274=CARTESIAN_POINT('',(66.425,-105.85,1.51));
#5275=CARTESIAN_POINT('',(132.85,-104.35,1.51));
#5276=CARTESIAN_POINT('Origin',(132.85,-105.1,1.51));
#5277=CARTESIAN_POINT('',(67.075,-104.35,1.51));
#5278=CARTESIAN_POINT('',(126.,-101.5,1.51));
#5279=CARTESIAN_POINT('Origin',(126.,-102.,1.51));
#5280=CARTESIAN_POINT('',(126.,-99.,1.51));
#5281=CARTESIAN_POINT('Origin',(126.,-99.5,1.51));
#5282=CARTESIAN_POINT('',(129.3,-98.7,1.51));
#5283=CARTESIAN_POINT('',(129.3,-100.3,1.51));
#5284=CARTESIAN_POINT('Origin',(129.3,-99.5,1.51));
#5285=CARTESIAN_POINT('',(128.7,-100.3,1.51));
#5286=CARTESIAN_POINT('',(64.35,-100.3,1.51));
#5287=CARTESIAN_POINT('',(128.7,-98.7,1.51));
#5288=CARTESIAN_POINT('Origin',(128.7,-99.5,1.51));
#5289=CARTESIAN_POINT('',(64.65,-98.7,1.51));
#5290=CARTESIAN_POINT('',(133.5,-98.45,1.51));
#5291=CARTESIAN_POINT('Origin',(133.5,-99.5,1.51));
#5292=CARTESIAN_POINT('',(140.5,-101.5,1.51));
#5293=CARTESIAN_POINT('Origin',(140.5,-102.,1.51));
#5294=CARTESIAN_POINT('',(148.88,-117.73,1.51));
#5295=CARTESIAN_POINT('Origin',(148.88,-118.58,1.51));
#5296=CARTESIAN_POINT('',(150.15,-115.29,1.51));
#5297=CARTESIAN_POINT('Origin',(150.15,-116.04,1.51));
#5298=CARTESIAN_POINT('',(153.96,-116.58,1.51));
#5299=CARTESIAN_POINT('Origin',(153.96,-118.58,1.51));
#5300=CARTESIAN_POINT('',(159.04,-117.73,1.51));
#5301=CARTESIAN_POINT('Origin',(159.04,-118.58,1.51));
#5302=CARTESIAN_POINT('',(156.5,-112.75,1.51));
#5303=CARTESIAN_POINT('Origin',(156.5,-113.5,1.51));
#5304=CARTESIAN_POINT('',(148.88,-98.73,1.51));
#5305=CARTESIAN_POINT('Origin',(148.88,-99.58,1.51));
#5306=CARTESIAN_POINT('',(153.96,-97.58,1.51));
#5307=CARTESIAN_POINT('Origin',(153.96,-99.58,1.51));
#5308=CARTESIAN_POINT('',(159.04,-98.73,1.51));
#5309=CARTESIAN_POINT('Origin',(159.04,-99.58,1.51));
#5310=CARTESIAN_POINT('',(126.,-96.5,1.51));
#5311=CARTESIAN_POINT('Origin',(126.,-97.,1.51));
#5312=CARTESIAN_POINT('',(134.15,-93.15,1.51));
#5313=CARTESIAN_POINT('',(134.15,-94.65,1.51));
#5314=CARTESIAN_POINT('Origin',(134.15,-93.9,1.51));
#5315=CARTESIAN_POINT('',(132.85,-94.65,1.51));
#5316=CARTESIAN_POINT('',(66.425,-94.65,1.51));
#5317=CARTESIAN_POINT('',(132.85,-93.15,1.51));
#5318=CARTESIAN_POINT('Origin',(132.85,-93.9,1.51));
#5319=CARTESIAN_POINT('',(67.075,-93.15,1.51));
#5320=CARTESIAN_POINT('',(140.5,-96.5,1.51));
#5321=CARTESIAN_POINT('Origin',(140.5,-97.,1.51));
#5322=CARTESIAN_POINT('',(150.15,-96.29,1.51));
#5323=CARTESIAN_POINT('Origin',(150.15,-97.04,1.51));
#5324=CARTESIAN_POINT('',(146.604,-88.93253,1.51));
#5325=CARTESIAN_POINT('Origin',(146.604,-89.43253,1.51));
#5326=CARTESIAN_POINT('',(146.604,-86.39253,1.51));
#5327=CARTESIAN_POINT('Origin',(146.604,-86.89253,1.51));
#5328=CARTESIAN_POINT('',(156.5,-93.75,1.51));
#5329=CARTESIAN_POINT('Origin',(156.5,-94.5,1.51));
#5330=CARTESIAN_POINT('',(161.854,-88.93253,1.51));
#5331=CARTESIAN_POINT('Origin',(161.854,-89.43253,1.51));
#5332=CARTESIAN_POINT('',(161.854,-86.39253,1.51));
#5333=CARTESIAN_POINT('Origin',(161.854,-86.89253,1.51));
#5334=CARTESIAN_POINT('',(146.604,-83.85253,1.51));
#5335=CARTESIAN_POINT('Origin',(146.604,-84.35253,1.51));
#5336=CARTESIAN_POINT('',(146.604,-81.31253,1.51));
#5337=CARTESIAN_POINT('Origin',(146.604,-81.81253,1.51));
#5338=CARTESIAN_POINT('',(148.88,-79.73,1.51));
#5339=CARTESIAN_POINT('Origin',(148.88,-80.58,1.51));
#5340=CARTESIAN_POINT('',(146.604,-78.77253,1.51));
#5341=CARTESIAN_POINT('Origin',(146.604,-79.27253,1.51));
#5342=CARTESIAN_POINT('',(146.604,-76.23253,1.51));
#5343=CARTESIAN_POINT('Origin',(146.604,-76.73253,1.51));
#5344=CARTESIAN_POINT('',(146.604,-73.69253,1.51));
#5345=CARTESIAN_POINT('Origin',(146.604,-74.19253,1.51));
#5346=CARTESIAN_POINT('',(150.15,-77.29,1.51));
#5347=CARTESIAN_POINT('Origin',(150.15,-78.04,1.51));
#5348=CARTESIAN_POINT('',(153.96,-78.58,1.51));
#5349=CARTESIAN_POINT('Origin',(153.96,-80.58,1.51));
#5350=CARTESIAN_POINT('',(161.854,-83.85253,1.51));
#5351=CARTESIAN_POINT('Origin',(161.854,-84.35253,1.51));
#5352=CARTESIAN_POINT('',(159.04,-79.73,1.51));
#5353=CARTESIAN_POINT('Origin',(159.04,-80.58,1.51));
#5354=CARTESIAN_POINT('',(161.854,-81.31253,1.51));
#5355=CARTESIAN_POINT('Origin',(161.854,-81.81253,1.51));
#5356=CARTESIAN_POINT('',(156.5,-74.75,1.51));
#5357=CARTESIAN_POINT('Origin',(156.5,-75.5,1.51));
#5358=CARTESIAN_POINT('',(161.854,-78.77253,1.51));
#5359=CARTESIAN_POINT('Origin',(161.854,-79.27253,1.51));
#5360=CARTESIAN_POINT('',(161.854,-76.23253,1.51));
#5361=CARTESIAN_POINT('Origin',(161.854,-76.73253,1.51));
#5362=CARTESIAN_POINT('',(161.854,-73.69253,1.51));
#5363=CARTESIAN_POINT('Origin',(161.854,-74.19253,1.51));
#5364=CARTESIAN_POINT('Origin',(143.,-71.,0.));
#5365=CARTESIAN_POINT('',(143.,-71.,0.));
#5366=CARTESIAN_POINT('Origin',(121.5,-106.5,0.));
#5367=CARTESIAN_POINT('',(121.5,-92.5,0.));
#5368=CARTESIAN_POINT('Origin',(121.5,-92.5,0.));
#5369=CARTESIAN_POINT('Origin',(134.15,-105.1,-0.046));
#5370=CARTESIAN_POINT('',(134.15,-105.85,-0.046));
#5371=CARTESIAN_POINT('',(134.15,-104.35,-0.046));
#5372=CARTESIAN_POINT('Origin',(134.15,-104.35,-0.046));
#5373=CARTESIAN_POINT('',(132.85,-104.35,-0.046));
#5374=CARTESIAN_POINT('Origin',(132.85,-105.1,-0.046));
#5375=CARTESIAN_POINT('',(132.85,-105.85,-0.046));
#5376=CARTESIAN_POINT('Origin',(132.85,-105.85,-0.046));
#5377=CARTESIAN_POINT('Origin',(126.,-102.,-0.046));
#5378=CARTESIAN_POINT('',(126.,-101.5,-0.046));
#5379=CARTESIAN_POINT('Origin',(126.,-99.5,-0.046));
#5380=CARTESIAN_POINT('',(126.,-99.,-0.046));
#5381=CARTESIAN_POINT('Origin',(129.3,-99.5,-0.046));
#5382=CARTESIAN_POINT('',(129.3,-100.3,-0.046));
#5383=CARTESIAN_POINT('',(129.3,-98.7,-0.046));
#5384=CARTESIAN_POINT('Origin',(129.3,-98.7,-0.046));
#5385=CARTESIAN_POINT('',(128.7,-98.7,-0.046));
#5386=CARTESIAN_POINT('Origin',(128.7,-99.5,-0.046));
#5387=CARTESIAN_POINT('',(128.7,-100.3,-0.046));
#5388=CARTESIAN_POINT('Origin',(128.7,-100.3,-0.046));
#5389=CARTESIAN_POINT('Origin',(133.5,-99.5,-0.046));
#5390=CARTESIAN_POINT('',(133.5,-98.45,-0.046));
#5391=CARTESIAN_POINT('Origin',(140.5,-102.,-0.046));
#5392=CARTESIAN_POINT('',(140.5,-101.5,-0.046));
#5393=CARTESIAN_POINT('Origin',(148.88,-118.58,-0.046));
#5394=CARTESIAN_POINT('',(148.88,-117.73,-0.046));
#5395=CARTESIAN_POINT('Origin',(150.15,-116.04,-0.046));
#5396=CARTESIAN_POINT('',(150.15,-115.29,-0.046));
#5397=CARTESIAN_POINT('Origin',(153.96,-118.58,-0.046));
#5398=CARTESIAN_POINT('',(153.96,-116.58,-0.046));
#5399=CARTESIAN_POINT('Origin',(159.04,-118.58,-0.046));
#5400=CARTESIAN_POINT('',(159.04,-117.73,-0.046));
#5401=CARTESIAN_POINT('Origin',(156.5,-113.5,-0.046));
#5402=CARTESIAN_POINT('',(156.5,-112.75,-0.046));
#5403=CARTESIAN_POINT('Origin',(148.88,-99.58,-0.046));
#5404=CARTESIAN_POINT('',(148.88,-98.73,-0.046));
#5405=CARTESIAN_POINT('Origin',(153.96,-99.58,-0.046));
#5406=CARTESIAN_POINT('',(153.96,-97.58,-0.046));
#5407=CARTESIAN_POINT('Origin',(159.04,-99.58,-0.046));
#5408=CARTESIAN_POINT('',(159.04,-98.73,-0.046));
#5409=CARTESIAN_POINT('Origin',(126.,-97.,-0.046));
#5410=CARTESIAN_POINT('',(126.,-96.5,-0.046));
#5411=CARTESIAN_POINT('Origin',(134.15,-93.9,-0.046));
#5412=CARTESIAN_POINT('',(134.15,-94.65,-0.046));
#5413=CARTESIAN_POINT('',(134.15,-93.15,-0.046));
#5414=CARTESIAN_POINT('Origin',(134.15,-93.15,-0.046));
#5415=CARTESIAN_POINT('',(132.85,-93.15,-0.046));
#5416=CARTESIAN_POINT('Origin',(132.85,-93.9,-0.046));
#5417=CARTESIAN_POINT('',(132.85,-94.65,-0.046));
#5418=CARTESIAN_POINT('Origin',(132.85,-94.65,-0.046));
#5419=CARTESIAN_POINT('Origin',(140.5,-97.,-0.046));
#5420=CARTESIAN_POINT('',(140.5,-96.5,-0.046));
#5421=CARTESIAN_POINT('Origin',(150.15,-97.04,-0.046));
#5422=CARTESIAN_POINT('',(150.15,-96.29,-0.046));
#5423=CARTESIAN_POINT('Origin',(146.604,-89.43253,-0.046));
#5424=CARTESIAN_POINT('',(146.604,-88.93253,-0.046));
#5425=CARTESIAN_POINT('Origin',(146.604,-86.89253,-0.046));
#5426=CARTESIAN_POINT('',(146.604,-86.39253,-0.046));
#5427=CARTESIAN_POINT('Origin',(156.5,-94.5,-0.046));
#5428=CARTESIAN_POINT('',(156.5,-93.75,-0.046));
#5429=CARTESIAN_POINT('Origin',(161.854,-89.43253,-0.046));
#5430=CARTESIAN_POINT('',(161.854,-88.93253,-0.046));
#5431=CARTESIAN_POINT('Origin',(161.854,-86.89253,-0.046));
#5432=CARTESIAN_POINT('',(161.854,-86.39253,-0.046));
#5433=CARTESIAN_POINT('Origin',(146.604,-84.35253,-0.046));
#5434=CARTESIAN_POINT('',(146.604,-83.85253,-0.046));
#5435=CARTESIAN_POINT('Origin',(146.604,-81.81253,-0.046));
#5436=CARTESIAN_POINT('',(146.604,-81.31253,-0.046));
#5437=CARTESIAN_POINT('Origin',(148.88,-80.58,-0.046));
#5438=CARTESIAN_POINT('',(148.88,-79.73,-0.046));
#5439=CARTESIAN_POINT('Origin',(146.604,-79.27253,-0.046));
#5440=CARTESIAN_POINT('',(146.604,-78.77253,-0.046));
#5441=CARTESIAN_POINT('Origin',(146.604,-76.73253,-0.046));
#5442=CARTESIAN_POINT('',(146.604,-76.23253,-0.046));
#5443=CARTESIAN_POINT('Origin',(146.604,-74.19253,-0.046));
#5444=CARTESIAN_POINT('',(146.604,-73.69253,-0.046));
#5445=CARTESIAN_POINT('Origin',(150.15,-78.04,-0.046));
#5446=CARTESIAN_POINT('',(150.15,-77.29,-0.046));
#5447=CARTESIAN_POINT('Origin',(153.96,-80.58,-0.046));
#5448=CARTESIAN_POINT('',(153.96,-78.58,-0.046));
#5449=CARTESIAN_POINT('Origin',(161.854,-84.35253,-0.046));
#5450=CARTESIAN_POINT('',(161.854,-83.85253,-0.046));
#5451=CARTESIAN_POINT('Origin',(159.04,-80.58,-0.046));
#5452=CARTESIAN_POINT('',(159.04,-79.73,-0.046));
#5453=CARTESIAN_POINT('Origin',(161.854,-81.81253,-0.046));
#5454=CARTESIAN_POINT('',(161.854,-81.31253,-0.046));
#5455=CARTESIAN_POINT('Origin',(156.5,-75.5,-0.046));
#5456=CARTESIAN_POINT('',(156.5,-74.75,-0.046));
#5457=CARTESIAN_POINT('Origin',(161.854,-79.27253,-0.046));
#5458=CARTESIAN_POINT('',(161.854,-78.77253,-0.046));
#5459=CARTESIAN_POINT('Origin',(161.854,-76.73253,-0.046));
#5460=CARTESIAN_POINT('',(161.854,-76.23253,-0.046));
#5461=CARTESIAN_POINT('Origin',(161.854,-74.19253,-0.046));
#5462=CARTESIAN_POINT('',(161.854,-73.69253,-0.046));
#5463=CARTESIAN_POINT('',(-70.8,-142.75,8.49));
#5464=CARTESIAN_POINT('',(0.,0.,0.));
#5465=CARTESIAN_POINT('Origin',(0.,0.,-2.73205080756888));
#5466=CARTESIAN_POINT('',(-9.,-1.10218211923262E-15,-2.73205080756888));
#5467=CARTESIAN_POINT('Origin',(0.,0.,-2.73205080756888));
#5468=CARTESIAN_POINT('',(-9.5,1.16341445918999E-15,-1.86602540378444));
#5469=CARTESIAN_POINT('Origin',(-10.,-1.22464679914735E-15,-2.73205080756888));
#5470=CARTESIAN_POINT('',(9.5,-1.16341445918999E-15,-1.86602540378444));
#5471=CARTESIAN_POINT('Origin',(0.,0.,-1.86602540378444));
#5472=CARTESIAN_POINT('Origin',(0.,0.,-1.86602540378444));
#5473=CARTESIAN_POINT('Origin',(0.,0.,-2.));
#5474=CARTESIAN_POINT('',(-9.,1.10218211923262E-15,-5.));
#5475=CARTESIAN_POINT('Origin',(0.,0.,-5.));
#5476=CARTESIAN_POINT('',(-9.,1.10218211923262E-15,-2.));
#5477=CARTESIAN_POINT('Origin',(0.,0.,-1.));
#5478=CARTESIAN_POINT('',(10.,-1.22464679914735E-15,-1.));
#5479=CARTESIAN_POINT('Origin',(9.,-1.10218211923262E-15,-1.));
#5480=CARTESIAN_POINT('',(-10.,1.22464679914735E-15,-1.));
#5481=CARTESIAN_POINT('Origin',(0.,0.,-1.));
#5482=CARTESIAN_POINT('Origin',(0.,0.,-1.));
#5483=CARTESIAN_POINT('Origin',(0.,0.,0.));
#5484=CARTESIAN_POINT('',(-10.,-1.22464679914735E-15,9.));
#5485=CARTESIAN_POINT('Origin',(0.,0.,9.));
#5486=CARTESIAN_POINT('',(-10.,-1.22464679914735E-15,0.));
#5487=CARTESIAN_POINT('Origin',(0.,0.,-5.));
#5488=CARTESIAN_POINT('',(-6.,7.34788079488412E-16,-5.));
#5489=CARTESIAN_POINT('Origin',(0.,0.,-5.));
#5490=CARTESIAN_POINT('Origin',(0.,0.,0.));
#5491=CARTESIAN_POINT('',(-6.,7.34788079488412E-16,0.));
#5492=CARTESIAN_POINT('',(-6.,7.34788079488412E-16,0.));
#5493=CARTESIAN_POINT('Origin',(0.,0.,0.));
#5494=CARTESIAN_POINT('Origin',(0.,0.,9.));
#5495=CARTESIAN_POINT('',(-9.,1.10218211923262E-15,10.));
#5496=CARTESIAN_POINT('Origin',(0.,0.,10.));
#5497=CARTESIAN_POINT('Origin',(-9.,-1.10218211923262E-15,9.));
#5498=CARTESIAN_POINT('Origin',(0.,0.,10.));
#5499=CARTESIAN_POINT('Origin',(2.45,0.,1.5));
#5500=CARTESIAN_POINT('',(1.7,2.71108834234519,1.5));
#5501=CARTESIAN_POINT('',(1.7,-2.71108834234519,1.5));
#5502=CARTESIAN_POINT('',(1.7,-1.3555441711726,1.5));
#5503=CARTESIAN_POINT('Origin',(0.,0.,1.5));
#5504=CARTESIAN_POINT('Origin',(1.7,-2.71108834234519,0.));
#5505=CARTESIAN_POINT('',(1.7,-2.71108834234519,7.3));
#5506=CARTESIAN_POINT('',(1.7,-2.71108834234519,0.));
#5507=CARTESIAN_POINT('',(1.7,2.71108834234519,7.3));
#5508=CARTESIAN_POINT('',(1.7,0.,7.3));
#5509=CARTESIAN_POINT('',(1.7,2.71108834234519,0.));
#5510=CARTESIAN_POINT('Origin',(0.,0.,0.));
#5511=CARTESIAN_POINT('',(-3.2,-3.91886975727153E-16,0.));
#5512=CARTESIAN_POINT('Origin',(0.,0.,0.));
#5513=CARTESIAN_POINT('',(-3.2,-3.91886975727153E-16,7.3));
#5514=CARTESIAN_POINT('',(-3.2,-3.91886975727153E-16,0.));
#5515=CARTESIAN_POINT('Origin',(0.,0.,7.3));
#5516=CARTESIAN_POINT('Origin',(0.,0.,7.3));
#5517=CARTESIAN_POINT('Origin',(-0.75,0.,7.3));
#5518=CARTESIAN_POINT('Origin',(0.,0.,0.));
#5519=CARTESIAN_POINT('',(0.,0.,19.));
#5520=CARTESIAN_POINT('',(0.,0.,0.));
#5521=CARTESIAN_POINT('',(0.,0.,0.));
#5522=CARTESIAN_POINT('',(-29.051986007363,12.,10.266790194187));
#5523=UNCERTAINTY_MEASURE_WITH_UNIT(LENGTH_MEASURE(0.01),#5537,
'DISTANCE_ACCURACY_VALUE',
'Maximum model space distance between geometric entities at asserted c
onnectivities');
#5524=UNCERTAINTY_MEASURE_WITH_UNIT(LENGTH_MEASURE(0.01),#5537,
'DISTANCE_ACCURACY_VALUE',
'Maximum model space distance between geometric entities at asserted c
onnectivities');
#5525=UNCERTAINTY_MEASURE_WITH_UNIT(LENGTH_MEASURE(0.01),#5537,
'DISTANCE_ACCURACY_VALUE',
'Maximum model space distance between geometric entities at asserted c
onnectivities');
#5526=UNCERTAINTY_MEASURE_WITH_UNIT(LENGTH_MEASURE(0.01),#5537,
'DISTANCE_ACCURACY_VALUE',
'Maximum model space distance between geometric entities at asserted c
onnectivities');
#5527=UNCERTAINTY_MEASURE_WITH_UNIT(LENGTH_MEASURE(0.01),#5537,
'DISTANCE_ACCURACY_VALUE',
'Maximum model space distance between geometric entities at asserted c
onnectivities');
#5528=UNCERTAINTY_MEASURE_WITH_UNIT(LENGTH_MEASURE(0.01),#5537,
'DISTANCE_ACCURACY_VALUE',
'Maximum model space distance between geometric entities at asserted c
onnectivities');
#5529=UNCERTAINTY_MEASURE_WITH_UNIT(LENGTH_MEASURE(0.01),#5537,
'DISTANCE_ACCURACY_VALUE',
'Maximum model space distance between geometric entities at asserted c
onnectivities');
#5530=(
GEOMETRIC_REPRESENTATION_CONTEXT(3)
GLOBAL_UNCERTAINTY_ASSIGNED_CONTEXT((#5523))
GLOBAL_UNIT_ASSIGNED_CONTEXT((#5537,#5539,#5540))
REPRESENTATION_CONTEXT('','3D')
);
#5531=(
GEOMETRIC_REPRESENTATION_CONTEXT(3)
GLOBAL_UNCERTAINTY_ASSIGNED_CONTEXT((#5524))
GLOBAL_UNIT_ASSIGNED_CONTEXT((#5537,#5539,#5540))
REPRESENTATION_CONTEXT('','3D')
);
#5532=(
GEOMETRIC_REPRESENTATION_CONTEXT(3)
GLOBAL_UNCERTAINTY_ASSIGNED_CONTEXT((#5525))
GLOBAL_UNIT_ASSIGNED_CONTEXT((#5537,#5539,#5540))
REPRESENTATION_CONTEXT('','3D')
);
#5533=(
GEOMETRIC_REPRESENTATION_CONTEXT(3)
GLOBAL_UNCERTAINTY_ASSIGNED_CONTEXT((#5526))
GLOBAL_UNIT_ASSIGNED_CONTEXT((#5537,#5539,#5540))
REPRESENTATION_CONTEXT('','3D')
);
#5534=(
GEOMETRIC_REPRESENTATION_CONTEXT(3)
GLOBAL_UNCERTAINTY_ASSIGNED_CONTEXT((#5527))
GLOBAL_UNIT_ASSIGNED_CONTEXT((#5537,#5539,#5540))
REPRESENTATION_CONTEXT('','3D')
);
#5535=(
GEOMETRIC_REPRESENTATION_CONTEXT(3)
GLOBAL_UNCERTAINTY_ASSIGNED_CONTEXT((#5528))
GLOBAL_UNIT_ASSIGNED_CONTEXT((#5537,#5539,#5540))
REPRESENTATION_CONTEXT('','3D')
);
#5536=(
GEOMETRIC_REPRESENTATION_CONTEXT(3)
GLOBAL_UNCERTAINTY_ASSIGNED_CONTEXT((#5529))
GLOBAL_UNIT_ASSIGNED_CONTEXT((#5537,#5539,#5540))
REPRESENTATION_CONTEXT('','3D')
);
#5537=(
LENGTH_UNIT()
NAMED_UNIT(*)
SI_UNIT(.MILLI.,.METRE.)
);
#5538=(
LENGTH_UNIT()
NAMED_UNIT(*)
SI_UNIT($,.METRE.)
);
#5539=(
NAMED_UNIT(*)
PLANE_ANGLE_UNIT()
SI_UNIT($,.RADIAN.)
);
#5540=(
NAMED_UNIT(*)
SI_UNIT($,.STERADIAN.)
SOLID_ANGLE_UNIT()
);
#5541=SHAPE_DEFINITION_REPRESENTATION(#5547,#5558);
#5542=SHAPE_DEFINITION_REPRESENTATION(#5548,#5559);
#5543=SHAPE_DEFINITION_REPRESENTATION(#5549,#5560);
#5544=SHAPE_DEFINITION_REPRESENTATION(#5550,#5561);
#5545=SHAPE_DEFINITION_REPRESENTATION(#5551,#5562);
#5546=SHAPE_DEFINITION_REPRESENTATION(#5553,#5563);
#5547=PRODUCT_DEFINITION_SHAPE('',$,#5565);
#5548=PRODUCT_DEFINITION_SHAPE('',$,#5566);
#5549=PRODUCT_DEFINITION_SHAPE('',$,#5567);
#5550=PRODUCT_DEFINITION_SHAPE('',$,#5568);
#5551=PRODUCT_DEFINITION_SHAPE('',$,#5569);
#5552=PRODUCT_DEFINITION_SHAPE($,$,#26);
#5553=PRODUCT_DEFINITION_SHAPE('',$,#5570);
#5554=PRODUCT_DEFINITION_SHAPE($,$,#27);
#5555=PRODUCT_DEFINITION_SHAPE($,$,#28);
#5556=PRODUCT_DEFINITION_SHAPE($,$,#29);
#5557=PRODUCT_DEFINITION_SHAPE($,$,#30);
#5558=SHAPE_REPRESENTATION('',(#3213,#3594,#3595,#3596,#3597),#5530);
#5559=SHAPE_REPRESENTATION('',(#3214),#5531);
#5560=SHAPE_REPRESENTATION('',(#3284),#5532);
#5561=SHAPE_REPRESENTATION('',(#3423,#3562),#5533);
#5562=SHAPE_REPRESENTATION('',(#3424),#5534);
#5563=SHAPE_REPRESENTATION('',(#3563),#5535);
#5564=PRODUCT_DEFINITION_CONTEXT('part definition',#5584,'design');
#5565=PRODUCT_DEFINITION('2026-08-11-19-27-51-923','FullCase',#5571,#5564);
#5566=PRODUCT_DEFINITION('2026-08-10-16-30-58-784','Configuration 1',#5572,
#5564);
#5567=PRODUCT_DEFINITION('2026-08-10-16-30-58-784_1','Configuration 1',
#5573,#5564);
#5568=PRODUCT_DEFINITION('2026-08-10-17-23-10-533','KiCad',#5574,#5564);
#5569=PRODUCT_DEFINITION('2026-08-10-17-23-10-534','KiCad_PCB',#5575,#5564);
#5570=PRODUCT_DEFINITION('2026-08-10-21-27-38-037','Knob',#5576,#5564);
#5571=PRODUCT_DEFINITION_FORMATION('',$,#5586);
#5572=PRODUCT_DEFINITION_FORMATION('',$,#5587);
#5573=PRODUCT_DEFINITION_FORMATION('',$,#5588);
#5574=PRODUCT_DEFINITION_FORMATION('',$,#5589);
#5575=PRODUCT_DEFINITION_FORMATION('',$,#5590);
#5576=PRODUCT_DEFINITION_FORMATION('',$,#5591);
#5577=PRODUCT_RELATED_PRODUCT_CATEGORY('FullCase','FullCase',(#5586));
#5578=PRODUCT_RELATED_PRODUCT_CATEGORY('Configuration 1',
'Configuration 1',(#5587));
#5579=PRODUCT_RELATED_PRODUCT_CATEGORY('Configuration 1',
'Configuration 1',(#5588));
#5580=PRODUCT_RELATED_PRODUCT_CATEGORY('KiCad','KiCad',(#5589));
#5581=PRODUCT_RELATED_PRODUCT_CATEGORY('KiCad_PCB','KiCad_PCB',(#5590));
#5582=PRODUCT_RELATED_PRODUCT_CATEGORY('Knob','Knob',(#5591));
#5583=APPLICATION_PROTOCOL_DEFINITION('international standard',
'automotive_design',2009,#5584);
#5584=APPLICATION_CONTEXT(
'Core Data for Automotive Mechanical Design Process');
#5585=PRODUCT_CONTEXT('part definition',#5584,'mechanical');
#5586=PRODUCT('2026-08-11-19-27-51-923','FullCase',$,(#5585));
#5587=PRODUCT('2026-08-10-16-30-58-784','Configuration 1',$,(#5585));
#5588=PRODUCT('2026-08-10-16-30-58-784_1','Configuration 1',$,(#5585));
#5589=PRODUCT('2026-08-10-17-23-10-533','KiCad',
'KiCad electronic assembly',(#5585));
#5590=PRODUCT('2026-08-10-17-23-10-534','KiCad_PCB',$,(#5585));
#5591=PRODUCT('2026-08-10-21-27-38-037','Knob',$,(#5585));
#5592=PRESENTATION_STYLE_ASSIGNMENT((#5594));
#5593=PRESENTATION_STYLE_ASSIGNMENT((#5595));
#5594=SURFACE_STYLE_USAGE(.BOTH.,#5596);
#5595=SURFACE_STYLE_USAGE(.BOTH.,#5597);
#5596=SURFACE_SIDE_STYLE('',(#5598));
#5597=SURFACE_SIDE_STYLE('',(#5599));
#5598=SURFACE_STYLE_FILL_AREA(#5600);
#5599=SURFACE_STYLE_FILL_AREA(#5601);
#5600=FILL_AREA_STYLE('Steel - Satin',(#5602));
#5601=FILL_AREA_STYLE('Opaque(80,124,105)',(#5603));
#5602=FILL_AREA_STYLE_COLOUR('Steel - Satin',#5604);
#5603=FILL_AREA_STYLE_COLOUR('Opaque(80,124,105)',#5605);
#5604=COLOUR_RGB('Steel - Satin',0.627450980392157,0.627450980392157,0.627450980392157);
#5605=COLOUR_RGB('Opaque(80,124,105)',0.313725490196078,0.486274509803922,
0.411764705882353);
ENDSEC;
END-ISO-10303-21;
